Time,ID,LAT,LON,ALT,#WiFi networks,SSID1,Mac1,Frequncy1,Signal1,SSID2,Mac2,Frequncy2,Signal2,SSID3,Mac3,Frequncy3,Signal3,SSID4,Mac4,Frequncy4,Signal4,SSID5,Mac5,Frequncy5,Signal5,SSID6,Mac6,Frequncy6,Signal6,SSID7,Mac7,Frequncy7,Signal7,SSID8,Mac8,Frequncy8,Signal8,SSID9,Mac9,Frequncy9,Signal9,SSID10,Mac10,Frequncy10,Signal10,
2017-10-27 16:13:51,model=ONEPLUS A3003,32.16876665,34.81320794,37.0,9,osnatg370,c0:ac:54:f5:7b:a7,2.4 GHZ,-86,NGOGA,30:b5:c2:fe:aa:56,2.4 GHZ,-87,DIRECT-35-HP DeskJet 3830 series,98:e7:f4:c6:4b:37,2.4 GHZ,-94,BezeqFree,6a:12:f5:f9:5e:71,2.4 GHZ,-85,Howmanyistwo,74:da:38:50:77:f2,2.4 GHZ,-81,Robert1,3c:1e:04:03:7f:17,2.4 GHZ,-82,tslila,c4:3d:c7:5a:79:1c,2.4 GHZ,-89,OP2,a0:63:91:69:f6:af,2.4 GHZ,-80,Lubelsky,c0:4a:00:ba:e8:f6,2.4 GHZ,-88,
2017-10-27 16:13:53,model=ONEPLUS A3003,32.16876425,34.81321225,36.0,1,BezeqFree,6a:12:f5:f9:5e:71,2.4 GHZ,-79,
2017-10-27 16:15:07,model=ONEPLUS A3003,32.16870993,34.81323603,39.0,4,Robert1,3c:1e:04:03:7f:17,2.4 GHZ,-77,DIRECT-35-HP DeskJet 3830 series,98:e7:f4:c6:4b:37,2.4 GHZ,-83,HUAWEI-C7FB,48:db:50:34:c7:fb,2.4 GHZ,-88,hilda,00:02:6f:eb:a0:f4,2.4 GHZ,-91,
2017-10-27 16:15:37,model=ONEPLUS A3003,32.16881033,34.81237006,35.0,5,DIRECT-A5-HP DeskJet 4670 series,fc:3f:db:7e:60:a6,2.4 GHZ,-79,May,14:cc:20:eb:cb:c6,2.4 GHZ,-86,HOTBOX-D1D7,fc:b4:e6:cf:d1:dd,2.4 GHZ,-88,Fuck Off Yourself,16:ae:db:c1:ae:55,2.4 GHZ,-91,Partner,42501_13111_496642,gsm,-113,
2017-10-27 16:15:52,model=ONEPLUS A3003,32.16874461,34.8109685,26.0,10,osnatg370,c0:ac:54:f5:7b:a7,2.4 GHZ,-85,NGOGA,30:b5:c2:fe:aa:56,2.4 GHZ,-85,Howmanyistwo,74:da:38:50:77:f2,2.4 GHZ,-85,Robert1,3c:1e:04:03:7f:17,2.4 GHZ,-78,Lubelsky,c0:4a:00:ba:e8:f6,2.4 GHZ,-86,HOTBOX111,90:f6:52:28:38:19,2.4 GHZ,-84,DIRECT-A5-HP DeskJet 4670 series,fc:3f:db:7e:60:a6,2.4 GHZ,-79,May,14:cc:20:eb:cb:c6,2.4 GHZ,-86,Shaul1,fc:b4:e6:1e:0a:78,2.4 GHZ,-87,Nomi Fix WIFI,c4:6e:1f:30:2b:7c,2.4 GHZ,-69,
2017-10-27 16:16:07,model=ONEPLUS A3003,32.16828882,34.81039765,26.0,6,Rina,00:26:5a:77:8c:db,2.4 GHZ,-83,GUYFI,c8:60:00:b1:d4:50,2.4 GHZ,-83,Oberyn Martell,18:d6:c7:fb:1c:0e,2.4 GHZ,-84,BARON WIFI 2.4,60:e3:27:bf:a1:a5,2.4 GHZ,-84,simon,e4:6f:13:73:0a:c2,2.4 GHZ,-86,Levy,d8:fb:5e:f5:82:9a,2.4 GHZ,-88,
2017-10-27 16:16:09,model=ONEPLUS A3003,32.16808141,34.81029707,27.0,4,kessel_2,90:ef:68:30:6b:69,2.4 GHZ,-81,888Corp,0a:8d:db:6e:71:13,2.4 GHZ,-83,RS_GUEST,ec:08:6b:38:0d:dd,2.4 GHZ,-89,888Free,06:8d:db:6e:71:13,2.4 GHZ,-88,
2017-10-27 16:16:26,model=ONEPLUS A3003,32.167987,34.8101175,0.0,10,smartsell,78:e8:b6:69:2c:91,2.4 GHZ,-85,Mouly,7c:b7:33:2e:76:73,2.4 GHZ,-79,888Corp,0a:8d:db:6e:71:bf,2.4 GHZ,-81,888Guest,02:8d:db:6e:71:6d,2.4 GHZ,-85,888Corp,0a:8d:db:6e:71:6d,2.4 GHZ,-85,lavel-2,74:da:38:ae:91:7b,2.4 GHZ,-85,Efrat Networks MM,94:f6:65:5b:b2:28,2.4 GHZ,-85,888Free,06:8d:db:6e:71:bf,2.4 GHZ,-83,888Guest,02:8d:db:6e:71:bf,2.4 GHZ,-80,DIRECT-a8-HP M477 LaserJet,aa:6b:ad:04:c6:a8,2.4 GHZ,-77,
2017-10-27 16:16:29,model=ONEPLUS A3003,32.16746622,34.80976155,13.0,1,Partner,42501_13111_496642,gsm,-113,
2017-10-27 16:16:37,model=ONEPLUS A3003,32.16754658,34.80978436,-1.0,2,MOULY MAISON,00:78:9e:fa:15:91,2.4 GHZ,-88,,06:8d:db:6e:71:be,2.4 GHZ,-94,
2017-10-27 16:16:41,model=ONEPLUS A3003,32.1675522,34.80978999,1.0,1,,06:8d:db:6e:71:be,2.4 GHZ,-88,
2017-10-27 16:17:05,model=ONEPLUS A3003,32.16755364,34.80979362,11.0,1,Shaked-Guest WiFi,b0:aa:77:f1:3a:68,2.4 GHZ,-90,
2017-10-27 16:17:17,model=ONEPLUS A3003,32.16755398,34.80979445,4.0,2,iFOREX,f8:d1:11:b1:92:93,2.4 GHZ,-92,888Free,06:8d:db:6e:71:26,2.4 GHZ,-90,
2017-10-27 16:17:29,model=ONEPLUS A3003,32.16755202,34.80979461,5.0,1,888Corp,0a:8d:db:6e:71:6d,2.4 GHZ,-80,
2017-10-27 16:17:37,model=ONEPLUS A3003,32.16755091,34.80979544,5.0,1,Guest Neetwork MM,94:f6:65:1b:b2:28,2.4 GHZ,-81,
2017-10-27 16:18:17,model=ONEPLUS A3003,32.16755145,34.80980057,6.0,1,MOULY MAISON,00:78:9e:fa:15:91,2.4 GHZ,-83,
2017-10-27 16:18:22,model=ONEPLUS A3003,32.16755113,34.80980159,7.0,3,888Free,06:8d:db:6e:71:bf,2.4 GHZ,-76,888Free,06:8d:db:6e:71:6d,2.4 GHZ,-77,KaymeraGuest,00:f6:63:15:58:82,2.4 GHZ,-93,
2017-10-27 16:18:37,model=ONEPLUS A3003,32.16750025,34.80973813,7.0,2,RS_GUEST_5G,ec:08:6b:38:0d:dc,5 GHZ,-90,888Free,06:8d:db:6e:71:c1,2.4 GHZ,-85,
2017-10-27 16:18:39,model=ONEPLUS A3003,32.16743172,34.80965767,9.0,4,RS_GUEST,ec:08:6b:38:0d:dd,2.4 GHZ,-79,888Corp,0a:8d:db:6e:71:c1,2.4 GHZ,-83,888Corp,0a:8d:cb:6e:71:c1,5 GHZ,-91,888Guest,02:8d:db:6e:71:c1,2.4 GHZ,-86,
2017-10-27 16:18:43,model=ONEPLUS A3003,32.16723978,34.80937232,11.0,1,BARON WIFI 2.4,60:e3:27:bf:a1:a5,2.4 GHZ,-85,
2017-10-27 16:18:47,model=ONEPLUS A3003,32.16700959,34.80909138,15.0,10,888Corp,0a:8d:cb:6e:71:bf,5 GHZ,-87,Mouly,7c:b7:33:2e:76:73,2.4 GHZ,-85,888Corp,0a:8d:db:6e:71:bf,2.4 GHZ,-84,888Corp,0a:8d:db:6e:71:be,2.4 GHZ,-86,888Guest,02:8d:db:6e:71:6d,2.4 GHZ,-82,888Guest,02:8d:db:6e:71:be,2.4 GHZ,-89,888Guest,02:8d:db:6e:71:bf,2.4 GHZ,-81,Efrat Networks MM,94:f6:65:5b:b2:28,2.4 GHZ,-88,smartsell,78:e8:b6:69:2c:91,2.4 GHZ,-85,lavel-2,74:da:38:ae:91:7b,2.4 GHZ,-87,
2017-10-27 16:18:49,model=ONEPLUS A3003,32.16691973,34.80897673,16.0,10,BlueSnap-Guest-2.4GHz,00:02:6f:bb:fd:ac,2.4 GHZ,-79,INGENEO,cc:b2:55:e8:4c:e6,2.4 GHZ,-84,Kadabra-AP,00:1d:aa:7c:8c:f8,2.4 GHZ,-81,HRZBOUTIKUE,14:ae:db:a3:90:15,2.4 GHZ,-87,brieftrace,90:8d:78:51:52:fc,2.4 GHZ,-85,contigo,10:be:f5:3a:26:60,2.4 GHZ,-91,BlueSnap-Guest-2.4GHz,c0:56:27:a0:6c:9a,2.4 GHZ,-92,Pitarohecht,00:02:6f:a6:f1:f3,2.4 GHZ,-86,HP-Print-A0-LaserJet Pro MFP,30:f7:72:6e:8e:a0,2.4 GHZ,-81,HP-Print-b7-LaserJet 300,34:23:87:36:c9:b7,2.4 GHZ,-89,
2017-10-27 16:18:52,model=ONEPLUS A3003,32.16686798,34.80890046,16.0,1,Bezeq2.4,14:ae:db:b3:7b:65,2.4 GHZ,-86,
2017-10-27 16:18:59,model=ONEPLUS A3003,32.16683927,34.80867405,18.0,10,0506679780,5a:fe:e3:03:c7:b3,2.4 GHZ,-88,888Free,06:8d:db:6e:71:6d,2.4 GHZ,-86,Guest Neetwork MM,94:f6:65:1b:b2:28,2.4 GHZ,-87,888Corp,0a:8d:db:6e:71:6d,2.4 GHZ,-82,888Free,06:8d:db:6e:71:c1,2.4 GHZ,-81,BlueSnap-Guest-2.4GHz,00:02:6f:bb:fd:ac,2.4 GHZ,-74,HOTFiber-2017,18:1e:78:86:00:63,2.4 GHZ,-72,HOTFiber-2017,08:6a:0a:37:66:66,2.4 GHZ,-77,ASUS,d0:17:c2:60:e7:38,2.4 GHZ,-79,,fa:8f:ca:93:a5:64,2.4 GHZ,-87,
2017-10-27 16:19:00,model=ONEPLUS A3003,32.1668791,34.80858578,18.0,4,RS_GUEST,ec:08:6b:38:0d:dd,2.4 GHZ,-79,888Corp,0a:8d:db:6e:71:c1,2.4 GHZ,-83,888Corp,0a:8d:cb:6e:71:c1,5 GHZ,-91,888Guest,02:8d:db:6e:71:c1,2.4 GHZ,-86,
2017-10-27 16:19:04,model=ONEPLUS A3003,32.16706188,34.80808428,21.0,5,Mouly,7c:b7:33:2e:76:73,2.4 GHZ,-85,888Guest,02:8d:db:6e:71:be,2.4 GHZ,-89,Efrat Networks MM,94:f6:65:5b:b2:28,2.4 GHZ,-88,888Guest,02:8d:db:6e:71:6d,2.4 GHZ,-83,lavel-2,74:da:38:ae:91:7b,2.4 GHZ,-87,
2017-10-27 16:19:05,model=ONEPLUS A3003,32.16711356,34.80794417,22.0,9,INGENEO,cc:b2:55:e8:4c:e6,2.4 GHZ,-90,Kadabra-AP,00:1d:aa:7c:8c:f8,2.4 GHZ,-81,HRZBOUTIKUE,14:ae:db:a3:90:15,2.4 GHZ,-87,brieftrace,90:8d:78:51:52:fc,2.4 GHZ,-85,contigo,10:be:f5:3a:26:60,2.4 GHZ,-91,BlueSnap-Guest-2.4GHz,c0:56:27:a0:6c:9a,2.4 GHZ,-92,Pitarohecht,00:02:6f:a6:f1:f3,2.4 GHZ,-86,HP-Print-A0-LaserJet Pro MFP,30:f7:72:6e:8e:a0,2.4 GHZ,-79,HP-Print-b7-LaserJet 300,34:23:87:36:c9:b7,2.4 GHZ,-89,
2017-10-27 16:19:06,model=ONEPLUS A3003,32.167165,34.80780145,23.0,1,Bezeq2.4,14:ae:db:b3:7b:65,2.4 GHZ,-86,
2017-10-27 16:19:07,model=ONEPLUS A3003,32.16721855,34.80765863,24.0,10,Rabia,30:b5:c2:bd:52:40,2.4 GHZ,-82,888Free,06:8d:db:6e:71:6d,2.4 GHZ,-86,NIZZA333,c0:ac:54:f5:e9:c8,2.4 GHZ,-85,888Corp,0a:8d:db:6e:71:6d,2.4 GHZ,-82,888Free,06:8d:db:6e:71:c1,2.4 GHZ,-81,BlueSnap-Guest-2.4GHz,00:02:6f:bb:fd:ac,2.4 GHZ,-74,HOTFiber-2017,18:1e:78:86:00:63,2.4 GHZ,-72,HOTFiber-2017,08:6a:0a:37:66:66,2.4 GHZ,-77,ASUS,d0:17:c2:60:e7:38,2.4 GHZ,-79,Home.,a0:ab:1b:62:a7:bc,2.4 GHZ,-84,
2017-10-27 16:19:09,model=ONEPLUS A3003,32.16732278,34.80736423,24.0,3,edimax_repeater,74:da:38:50:ce:4c,2.4 GHZ,-79,Guest Neetwork MM,94:f6:65:1b:b2:28,2.4 GHZ,-78,Partner,42501_13111_496642,gsm,-113,
2017-10-27 16:19:12,model=ONEPLUS A3003,32.16746832,34.80697634,26.0,1,Efrat Networks MM,94:f6:65:5b:b2:28,2.4 GHZ,-84,
2017-10-27 16:19:13,model=ONEPLUS A3003,32.16751585,34.80685138,26.0,1,INGENEO,cc:b2:55:e8:4c:e6,2.4 GHZ,-90,
2017-10-27 16:19:15,model=ONEPLUS A3003,32.16759766,34.80661675,27.0,10,BlueSnap-Guest-2.4GHz,00:02:6f:bb:fd:ac,2.4 GHZ,-74,HOTFiber-2017,18:1e:78:86:00:63,2.4 GHZ,-72,HOTFiber-2017,08:6a:0a:37:66:66,2.4 GHZ,-77,ASUS,d0:17:c2:60:e7:38,2.4 GHZ,-79,NIZZA333,c0:ac:54:f5:e9:c8,2.4 GHZ,-85,Vexlerar_2EX,74:da:38:cc:d8:80,2.4 GHZ,-87,,fa:8f:ca:93:a5:64,2.4 GHZ,-87,Rainbow Medical,90:6c:ac:f3:6a:69,2.4 GHZ,-88,Rabia,30:b5:c2:bd:52:40,2.4 GHZ,-80,Home.,a0:ab:1b:62:a7:bc,2.4 GHZ,-84,
2017-10-27 16:19:19,model=ONEPLUS A3003,32.16773843,34.80626298,31.0,5,edimax_repeater,74:da:38:50:ce:4c,2.4 GHZ,-79,Guest Neetwork MM,94:f6:65:1b:b2:28,2.4 GHZ,-78,Annatel_3372.5,74:da:38:a9:0c:43,5 GHZ,-92,Partner-4G-86E5,b0:89:00:d8:86:e5,2.4 GHZ,-91,Partner,42501_13111_496642,gsm,-113,
2017-10-27 16:19:22,model=ONEPLUS A3003,32.16779112,34.80616419,32.0,4,Annatel_3372,74:da:38:a9:0c:3e,2.4 GHZ,-79,shor_Ext,e2:91:f5:b6:ec:a8,2.4 GHZ,-88,ZVIN,4c:60:de:4c:5d:44,2.4 GHZ,-93,ApartmentD,c0:ff:d4:d1:e3:20,2.4 GHZ,-93,
2017-10-27 16:19:30,model=ONEPLUS A3003,32.16780373,34.80615479,33.0,2,Annatel_3372.5,74:da:38:a9:0c:43,5 GHZ,-86,P-HOME,2c:5d:93:11:60:b8,2.4 GHZ,-82,
2017-10-27 16:19:37,model=ONEPLUS A3003,32.16794511,34.80590359,35.0,2,Home,14:ae:db:53:0c:2d,2.4 GHZ,-79,DIRECT-52-HP DeskJet 3830 series,94:57:a5:4d:eb:8b,2.4 GHZ,-92,
2017-10-27 16:19:40,model=ONEPLUS A3003,32.16799504,34.80557036,36.0,4,hagit_2.4,6c:b0:ce:33:a4:d5,2.4 GHZ,-86,gabriel,90:8d:78:50:6a:12,2.4 GHZ,-90,BezeqFree,62:8d:78:50:6a:13,2.4 GHZ,-94,Bezeq Free,5a:b0:ce:33:a4:d6,2.4 GHZ,-82,
2017-10-27 16:19:43,model=ONEPLUS A3003,32.16805121,34.80516057,35.0,4,Annatel_3372,74:da:38:a9:0c:3e,2.4 GHZ,-78,shor_Ext,e2:91:f5:b6:ec:a8,2.4 GHZ,-89,Partner-4G-86E5,b0:89:00:d8:86:e5,2.4 GHZ,-88,Partner,42501_13111_496642,gsm,-113,
2017-10-27 16:19:44,model=ONEPLUS A3003,32.16806778,34.80502255,34.0,2,Annatel_3372.5,74:da:38:a9:0c:43,5 GHZ,-86,P-HOME,2c:5d:93:11:60:b8,2.4 GHZ,-82,
2017-10-27 16:19:45,model=ONEPLUS A3003,32.16808034,34.80487698,35.0,2,Home,14:ae:db:53:0c:2d,2.4 GHZ,-83,DIRECT-52-HP DeskJet 3830 series,94:57:a5:4d:eb:8b,2.4 GHZ,-94,
2017-10-27 16:19:50,model=ONEPLUS A3003,32.16814986,34.80417714,36.0,10,hagit_2.4,6c:b0:ce:33:a4:d5,2.4 GHZ,-86,gabriel,90:8d:78:50:6a:12,2.4 GHZ,-90,Grosman_sec,c4:a8:1d:13:61:b5,2.4 GHZ,-89,Bezeq Free,5a:b0:ce:33:a4:d6,2.4 GHZ,-82,irit,c0:ac:54:f7:82:21,2.4 GHZ,-79,BEZEQINT-6D41,14:ae:db:cb:6d:45,2.4 GHZ,-83,Tamara,14:ae:db:b0:41:25,2.4 GHZ,-86,ida,c0:c1:c0:ce:4d:06,2.4 GHZ,-90,zina 1932,c0:ac:54:f8:b3:93,2.4 GHZ,-88,HP-Print-36-Officejet Pro 6830,dc:4a:3e:be:0a:36,2.4 GHZ,-85,
2017-10-27 16:19:51,model=ONEPLUS A3003,32.16816816,34.80404964,36.0,4,Annatel_3372,74:da:38:a9:0c:3e,2.4 GHZ,-78,shor_Ext,e2:91:f5:b6:ec:a8,2.4 GHZ,-89,Partner-4G-86E5,b0:89:00:d8:86:e5,2.4 GHZ,-88,Partner,42501_13111_496641,gsm,-113,
2017-10-27 16:19:52,model=ONEPLUS A3003,32.16818308,34.8039369,36.0,3,Biana_n,14:ae:db:b2:8e:75,2.4 GHZ,-74,netbo1,d0:d4:12:68:0a:0a,2.4 GHZ,-79,klara-012,c4:12:f5:fd:d1:94,2.4 GHZ,-89,
2017-10-27 16:19:53,model=ONEPLUS A3003,32.16819679,34.80383979,37.0,1,Home,14:ae:db:53:0c:2d,2.4 GHZ,-83,
2017-10-27 16:20:00,model=ONEPLUS A3003,32.1682325,34.80357613,36.0,3,DIRECT-06-HP OfficeJet Pro 8710,70:5a:0f:a2:3f:61,2.4 GHZ,-81,HOT123,c0:ac:54:f6:c5:4b,2.4 GHZ,-82,anna2.4,a0:ab:1b:62:76:ac,2.4 GHZ,-90,
2017-10-27 16:20:11,model=ONEPLUS A3003,32.16822677,34.803571,37.0,1,Student,82:2a:a8:18:13:88,2.4 GHZ,-90,
2017-10-27 16:20:21,model=ONEPLUS A3003,32.1682422,34.80343427,36.0,4,HOTBOX,7c:03:4c:fe:ba:1b,2.4 GHZ,-84,BezeqFree,6a:12:f5:84:50:41,2.4 GHZ,-85,opus7,c4:12:f5:84:50:40,2.4 GHZ,-85,tania_2.4,70:62:b8:31:1d:80,2.4 GHZ,-92,
2017-10-27 16:20:22,model=ONEPLUS A3003,32.16824759,34.80336196,37.0,4,NIPPON_8102,08:97:58:33:74:72,2.4 GHZ,-83,bz46564990,48:ee:0c:3a:19:c7,2.4 GHZ,-91,Consm,50:c7:bf:7d:66:22,2.4 GHZ,-94,vue sur mer_2.4,a4:2b:8c:98:db:d2,2.4 GHZ,-90,
2017-10-27 16:20:27,model=ONEPLUS A3003,32.16825954,34.80299871,36.0,1,Partner,42501_13111_496641,gsm,-113,
2017-10-27 16:20:28,model=ONEPLUS A3003,32.16826436,34.80292121,35.0,3,netbo1,d0:d4:12:68:0a:0a,2.4 GHZ,-86,klara-012,c4:12:f5:fd:d1:94,2.4 GHZ,-86,Biana_n,14:ae:db:b2:8e:75,2.4 GHZ,-85,
2017-10-27 16:20:31,model=ONEPLUS A3003,32.16828018,34.80265279,34.0,10,hagit_5,6c:b0:ce:33:a4:d6,5 GHZ,-83,Bezeq Free,5a:b0:ce:33:a4:d6,2.4 GHZ,-75,hagit_2.4,6c:b0:ce:33:a4:d5,2.4 GHZ,-79,Student,46:d9:e7:04:ff:09,2.4 GHZ,-79,dserota,00:1b:9e:7a:43:13,2.4 GHZ,-84,770,ec:22:80:b3:2e:10,2.4 GHZ,-80,770,14:ae:db:b1:ac:0d,2.4 GHZ,-82,smadarwifi,44:d9:e7:04:ff:09,2.4 GHZ,-82,Student,46:d9:e7:04:ff:83,2.4 GHZ,-82,BezeqFree,06:ae:db:b1:ac:0d,2.4 GHZ,-84,
2017-10-27 16:20:32,model=ONEPLUS A3003,32.16828953,34.80256887,33.0,3,HOT123,c0:ac:54:f6:c5:4b,2.4 GHZ,-86,anna2.4,a0:ab:1b:62:76:ac,2.4 GHZ,-93,Student,82:2a:a8:18:13:88,2.4 GHZ,-87,
2017-10-27 16:20:34,model=ONEPLUS A3003,32.16830652,34.80238766,33.0,4,HOTBOX,7c:03:4c:fe:ba:1b,2.4 GHZ,-84,BezeqFree,6a:12:f5:84:50:41,2.4 GHZ,-85,opus7,c4:12:f5:84:50:40,2.4 GHZ,-84,tania_2.4,70:62:b8:31:1d:80,2.4 GHZ,-92,
2017-10-27 16:20:35,model=ONEPLUS A3003,32.16831806,34.80229988,33.0,4,NIPPON_8102,08:97:58:33:74:72,2.4 GHZ,-83,bz46564990,48:ee:0c:3a:19:c7,2.4 GHZ,-91,Consm,50:c7:bf:7d:66:22,2.4 GHZ,-94,vue sur mer_2.4,a4:2b:8c:98:db:d2,2.4 GHZ,-90,
2017-10-27 16:20:37,model=ONEPLUS A3003,32.16833495,34.80211096,32.0,9,elneuron,e8:fc:af:92:b9:87,2.4 GHZ,-81,Shiri1000_2.4,10:5a:f7:0e:5d:f5,2.4 GHZ,-77,HOTBOX-81C2,7c:03:4c:ba:aa:42,2.4 GHZ,-78,HomeVFS,7c:b7:33:bf:bb:5f,2.4 GHZ,-86,DIRECT-BB-HP OfficeJet 3830,30:e1:71:08:fe:bc,2.4 GHZ,-86,I.L.L,a0:63:91:78:40:b2,2.4 GHZ,-88,HOTBOX,a4:08:f5:2e:23:af,2.4 GHZ,-89,HOTBOX,00:78:9e:fb:be:f6,2.4 GHZ,-90,MEIR_2.4,a0:4f:d4:2c:5e:11,2.4 GHZ,-95,
2017-10-27 16:20:39,model=ONEPLUS A3003,32.16835232,34.80192153,32.0,1,Partner,42501_13111_496641,gsm,-113,
2017-10-27 16:20:41,model=ONEPLUS A3003,32.16837414,34.80172666,32.0,10,Claude,d0:d4:12:5c:c3:6a,2.4 GHZ,-83,DIRECT-C5-HP OfficeJet 3830,30:e1:71:08:ae:c7,2.4 GHZ,-80,HOTBOX-E00E,f8:ab:05:46:d5:5e,2.4 GHZ,-84,MEIR_2.4,a0:4f:d4:2c:5e:11,2.4 GHZ,-78,eldan,00:23:cd:16:9e:e0,2.4 GHZ,-78,Dav,c0:d9:62:f5:17:d9,2.4 GHZ,-79,netbox,d0:d4:12:67:a1:fa,2.4 GHZ,-78,simba6,d8:37:be:f1:86:c9,2.4 GHZ,-82,Shemesh,3c:1e:04:05:ad:17,2.4 GHZ,-79,BezeqFree,06:ae:db:ba:2d:35,2.4 GHZ,-80,
2017-10-27 16:20:42,model=ONEPLUS A3003,32.16838391,34.80162958,32.0,10,hagit_5,6c:b0:ce:33:a4:d6,5 GHZ,-83,smadarwifi,46:d9:e7:03:ff:09,5 GHZ,-86,hagit_2.4,6c:b0:ce:33:a4:d5,2.4 GHZ,-82,Student,46:d9:e7:04:ff:09,2.4 GHZ,-79,Bezeq Free,5a:b0:ce:33:a4:d6,2.4 GHZ,-82,770,ec:22:80:b3:2e:10,2.4 GHZ,-80,770,14:ae:db:b1:ac:0d,2.4 GHZ,-82,smadarwifi,44:d9:e7:04:ff:09,2.4 GHZ,-82,Student,46:d9:e7:04:ff:83,2.4 GHZ,-82,BezeqFree,06:ae:db:b1:ac:0d,2.4 GHZ,-84,
2017-10-27 16:20:43,model=ONEPLUS A3003,32.16839075,34.80153149,31.0,2,anna2.4,a0:ab:1b:62:76:ac,2.4 GHZ,-93,Student,82:2a:a8:18:13:88,2.4 GHZ,-87,
2017-10-27 16:20:45,model=ONEPLUS A3003,32.16841289,34.80133696,32.0,2,BezeqFree,6a:12:f5:84:50:41,2.4 GHZ,-85,opus7,c4:12:f5:84:50:40,2.4 GHZ,-84,
2017-10-27 16:20:46,model=ONEPLUS A3003,32.16842191,34.80124529,32.0,4,NIPPON_8102,08:97:58:33:74:72,2.4 GHZ,-83,bz46564990,48:ee:0c:3a:19:c7,2.4 GHZ,-91,Consm,50:c7:bf:7d:66:22,2.4 GHZ,-94,vue sur mer_2.4,a4:2b:8c:98:db:d2,2.4 GHZ,-90,
2017-10-27 16:20:48,model=ONEPLUS A3003,32.1684422,34.80105362,32.0,8,elneuron,e8:fc:af:92:b9:87,2.4 GHZ,-81,Shiri1000_2.4,10:5a:f7:0e:5d:f5,2.4 GHZ,-77,HOTBOX-81C2,7c:03:4c:ba:aa:42,2.4 GHZ,-78,HomeVFS,7c:b7:33:bf:bb:5f,2.4 GHZ,-86,DIRECT-BB-HP OfficeJet 3830,30:e1:71:08:fe:bc,2.4 GHZ,-86,I.L.L,a0:63:91:78:40:b2,2.4 GHZ,-88,HOTBOX,a4:08:f5:2e:23:af,2.4 GHZ,-89,HOTBOX,00:78:9e:fb:be:f6,2.4 GHZ,-90,
2017-10-27 16:20:51,model=ONEPLUS A3003,32.16847482,34.80076466,32.0,8,Chen,14:ae:db:30:c9:d2,2.4 GHZ,-77,BezeqFree,14:af:db:30:c9:d2,2.4 GHZ,-78,japan,70:62:b8:30:f8:4e,2.4 GHZ,-83,Chen_5,14:ae:db:30:c9:d5,5 GHZ,-91,joy,9c:d6:43:23:0c:9c,2.4 GHZ,-84,pollock24,04:a1:51:d0:22:a5,2.4 GHZ,-85,hadad,70:62:b8:30:db:f8,2.4 GHZ,-79,Partner,42501_13111_496641,gsm,-113,
2017-10-27 16:20:52,model=ONEPLUS A3003,32.16848744,34.80067508,32.0,10,MEIR_2.4,a0:4f:d4:2c:5e:11,2.4 GHZ,-78,eldan,00:23:cd:16:9e:e0,2.4 GHZ,-78,Dav,c0:d9:62:f5:17:d9,2.4 GHZ,-79,netbox,d0:d4:12:67:a1:fa,2.4 GHZ,-78,simba6,d8:37:be:f1:86:c9,2.4 GHZ,-82,Shemesh,3c:1e:04:05:ad:17,2.4 GHZ,-79,rubinstein,e8:cc:18:ec:a6:64,2.4 GHZ,-81,DIRECT-C5-HP OfficeJet 3830,30:e1:71:08:ae:c7,2.4 GHZ,-80,Claude,d0:d4:12:5c:c3:6a,2.4 GHZ,-83,,fa:8f:ca:7c:70:2f,2.4 GHZ,-84,
2017-10-27 16:20:53,model=ONEPLUS A3003,32.16849248,34.80059962,31.0,2,hagit_2.4,6c:b0:ce:33:a4:d5,2.4 GHZ,-82,dserota,00:1b:9e:7a:43:13,2.4 GHZ,-89,
2017-10-27 16:20:58,model=ONEPLUS A3003,32.16853564,34.80033573,29.0,1,Partner,42501_13111_8652801,gsm,-113,
2017-10-27 16:21:02,model=ONEPLUS A3003,32.16859445,34.80025492,29.0,10,Video Connection,6c:b0:ce:e8:2a:b0,2.4 GHZ,-83,DIRECT-51-HP DeskJet 4670 series,30:e1:71:f0:7b:52,2.4 GHZ,-88,SavantS,e4:f4:c6:d8:e8:60,2.4 GHZ,-86,,d8:38:fc:66:d2:68,2.4 GHZ,-89,Happy Home Network,c0:a0:bb:cc:e2:3a,2.4 GHZ,-91,stefan,e0:ce:c3:8c:2b:5a,2.4 GHZ,-95,DanAccadia,0c:f4:d5:1b:38:e8,2.4 GHZ,-80,DanAccadia,d8:38:fc:27:22:58,2.4 GHZ,-86,DanAccadia,d8:38:fc:26:d2:68,2.4 GHZ,-88,DanAccadia,d8:38:fc:26:fd:18,2.4 GHZ,-89,
2017-10-27 16:21:03,model=ONEPLUS A3003,32.16863449,34.80024121,29.0,1,vue sur mer_2.4,a4:2b:8c:98:db:d2,2.4 GHZ,-90,
2017-10-27 16:21:07,model=ONEPLUS A3003,32.16888669,34.80024686,30.0,5,Video Connection,6c:b0:ce:e8:2a:b0,2.4 GHZ,-78,stefan,e0:ce:c3:8c:2b:5a,2.4 GHZ,-87,,0c:f4:d5:5b:09:98,2.4 GHZ,-85,DanAccadia,0c:f4:d5:1b:08:58,2.4 GHZ,-88,DanAccadia,0c:f4:d5:1b:09:98,2.4 GHZ,-88,
2017-10-27 16:21:10,model=ONEPLUS A3003,32.16913213,34.80027706,32.0,3,Video Connection,6c:b0:ce:e8:2a:50,2.4 GHZ,-81,Video Connection,6c:b0:ce:e8:2e:50,2.4 GHZ,-87,Sgreg,28:94:0f:f9:a6:d4,2.4 GHZ,-87,
2017-10-27 16:21:12,model=ONEPLUS A3003,32.16930276,34.80030556,32.0,3,Video Connection,6c:b0:ce:e8:2e:50,2.4 GHZ,-82,Ellman-2.4Ghz,04:a1:51:c4:27:6e,2.4 GHZ,-84,shmuela,00:78:9e:fa:33:72,2.4 GHZ,-89,
2017-10-27 16:21:15,model=ONEPLUS A3003,32.169556,34.80036043,33.0,6,Chen,14:ae:db:30:c9:d2,2.4 GHZ,-88,BezeqFree,14:af:db:30:c9:d2,2.4 GHZ,-86,HP-Print-33-Deskjet 4640 series,a0:48:1c:65:96:33,2.4 GHZ,-88,Benhamou,c4:12:f5:f5:45:f6,2.4 GHZ,-91,japan,70:62:b8:30:f8:4e,2.4 GHZ,-87,Partner,42501_13111_8652801,gsm,-113,
2017-10-27 16:21:16,model=ONEPLUS A3003,32.16963144,34.80037705,33.0,8,DIRECT-51-HP DeskJet 4670 series,30:e1:71:f0:7b:52,2.4 GHZ,-86,SavantS,e4:f4:c6:d8:e8:60,2.4 GHZ,-85,,d8:38:fc:66:d2:68,2.4 GHZ,-89,Happy Home Network,c0:a0:bb:cc:e2:3a,2.4 GHZ,-91,DanAccadia,0c:f4:d5:1b:38:e8,2.4 GHZ,-80,DanAccadia,d8:38:fc:27:22:58,2.4 GHZ,-86,DanAccadia,d8:38:fc:26:d2:68,2.4 GHZ,-88,DanAccadia,d8:38:fc:26:fd:18,2.4 GHZ,-89,
2017-10-27 16:21:22,model=ONEPLUS A3003,32.1699567,34.80047666,34.0,8,Video Connection,6c:b0:ce:e8:2a:b0,2.4 GHZ,-82,stefan,e0:ce:c3:8c:2b:5a,2.4 GHZ,-87,,0c:f4:d5:5b:09:98,2.4 GHZ,-85,DanAccadia,0c:f4:d5:1b:08:58,2.4 GHZ,-88,DanAccadia,0c:f4:d5:1b:09:98,2.4 GHZ,-88,phily,2c:b0:5d:40:dc:ac,2.4 GHZ,-94,DanAccadia,0c:f4:d5:1b:e1:58,2.4 GHZ,-89,HP-Print-45-Deskjet 4640 series,5c:b9:01:6a:8c:45,2.4 GHZ,-89,
2017-10-27 16:21:26,model=ONEPLUS A3003,32.17018774,34.80057526,34.0,2,Video Connection,6c:b0:ce:e8:2a:50,2.4 GHZ,-81,Sgreg,28:94:0f:f9:a6:d4,2.4 GHZ,-87,
2017-10-27 16:21:28,model=ONEPLUS A3003,32.17033813,34.80064081,34.0,3,Video Connection,6c:b0:ce:e8:2e:50,2.4 GHZ,-82,Ellman-2.4Ghz,04:a1:51:c4:27:6e,2.4 GHZ,-84,shmuela,00:78:9e:fa:33:72,2.4 GHZ,-89,
2017-10-27 16:21:29,model=ONEPLUS A3003,32.17042171,34.80067727,34.0,1,Partner,42501_13111_8652809,gsm,-113,
2017-10-27 16:21:30,model=ONEPLUS A3003,32.17050421,34.80071453,34.0,6,Chana,10:be:f5:3d:80:3a,2.4 GHZ,-81,,0c:f4:d5:5c:14:38,2.4 GHZ,-87,Rosaness,84:18:3a:1c:b7:18,2.4 GHZ,-88,gidron,f8:0b:cb:51:74:e8,2.4 GHZ,-89,TopAudio,04:a1:51:2f:f2:be,2.4 GHZ,-85,daniel,e8:1d:a8:05:01:38,2.4 GHZ,-90,
2017-10-27 16:21:32,model=ONEPLUS A3003,32.17066324,34.80078701,35.0,10,Benhamou,c4:12:f5:f5:45:f6,2.4 GHZ,-87,ohait1,bc:67:1c:41:3a:03,2.4 GHZ,-80,Gollar's Mac,5c:96:9d:67:47:71,2.4 GHZ,-85,ey,b4:ee:b4:ac:f4:a3,2.4 GHZ,-86,nilly,00:78:9e:fa:9d:51,2.4 GHZ,-87,HOTBOX-9A18,c0:ac:54:f8:0f:1f,2.4 GHZ,-89,HP-Print-A9-Officejet Pro 6830,dc:4a:3e:39:b0:a9,2.4 GHZ,-91,TopAudio,4c:60:de:d1:da:80,2.4 GHZ,-82,TopAudio,e4:f4:c6:4d:c7:5c,2.4 GHZ,-85,DanAccadia,d8:38:fc:26:d2:68,2.4 GHZ,-91,
2017-10-27 16:21:36,model=ONEPLUS A3003,32.17097269,34.80091165,34.0,3,phily,2c:b0:5d:40:dc:ac,2.4 GHZ,-94,DanAccadia,0c:f4:d5:1b:e1:58,2.4 GHZ,-89,HP-Print-45-Deskjet 4640 series,5c:b9:01:6a:8c:45,2.4 GHZ,-89,
2017-10-27 16:21:37,model=ONEPLUS A3003,32.1710436,34.80094101,34.0,9,TP-LINK_MENASHE,14:cc:20:93:1f:50,2.4 GHZ,-80,Rosaness,84:18:3a:1d:3b:bc,5 GHZ,-89,NIPPON_3575,08:97:58:32:d1:b8,2.4 GHZ,-82,HOTBOX-8C78,c0:ac:54:f8:57:42,2.4 GHZ,-88,Rosaness,84:18:3a:1d:3b:b8,2.4 GHZ,-84,GP25665584,f6:dd:9e:7a:1a:4f,2.4 GHZ,-85,Vnet-t,ec:8c:a2:08:9f:38,2.4 GHZ,-86,Rosaness,84:18:3a:1c:c9:a8,2.4 GHZ,-89,TREEHOUSE,c4:12:f5:7f:5a:15,2.4 GHZ,-89,
2017-10-27 16:21:42,model=ONEPLUS A3003,32.1713479,34.80107739,34.0,10,HOTBOX-8C78,c0:ac:54:f8:57:42,2.4 GHZ,-82,GP25665584,f6:dd:9e:7a:1a:4f,2.4 GHZ,-75,MatchBoxAir,30:b5:c2:3d:a9:0a,2.4 GHZ,-82,HOTBOX-BOX-72A6,b4:ee:b4:ae:86:43,2.4 GHZ,-88,HOTBOX-9A18,f4:6b:ef:e0:f3:6d,2.4 GHZ,-92,daniel,e8:1d:a8:03:91:58,2.4 GHZ,-90,daniel,e8:1d:a8:05:01:58,2.4 GHZ,-82,daniel,e8:1d:a8:04:fc:08,2.4 GHZ,-86,daniel,e8:1d:a8:05:0f:c8,2.4 GHZ,-88,daniel,e8:1d:a8:04:fa:68,2.4 GHZ,-88,
2017-10-27 16:21:44,model=ONEPLUS A3003,32.17143337,34.80111393,35.0,1,Partner,42501_13111_8652809,gsm,-113,
2017-10-27 16:21:45,model=ONEPLUS A3003,32.17149286,34.80113325,35.0,1,Partner,42501_13111_8627203,gsm,-113,
2017-10-27 16:21:46,model=ONEPLUS A3003,32.17155187,34.80115525,35.0,6,Chana,10:be:f5:3d:80:3a,2.4 GHZ,-88,,0c:f4:d5:5c:14:38,2.4 GHZ,-87,Rosaness,84:18:3a:1c:b7:18,2.4 GHZ,-84,gidron,f8:0b:cb:51:74:e8,2.4 GHZ,-89,TopAudio,04:a1:51:2f:f2:be,2.4 GHZ,-85,daniel,e8:1d:a8:05:01:38,2.4 GHZ,-90,
2017-10-27 16:21:48,model=ONEPLUS A3003,32.17168017,34.80120141,35.0,10,Benhamou,c4:12:f5:f5:45:f6,2.4 GHZ,-87,ohait1,bc:67:1c:41:3a:03,2.4 GHZ,-80,Gollar's Mac,5c:96:9d:67:47:71,2.4 GHZ,-85,ey,b4:ee:b4:ac:f4:a3,2.4 GHZ,-86,nilly,00:78:9e:fa:9d:51,2.4 GHZ,-87,HOTBOX-9A18,c0:ac:54:f8:0f:1f,2.4 GHZ,-89,HP-Print-A9-Officejet Pro 6830,dc:4a:3e:39:b0:a9,2.4 GHZ,-91,TopAudio,4c:60:de:d1:da:80,2.4 GHZ,-84,TopAudio,e4:f4:c6:4d:c7:5c,2.4 GHZ,-85,DanAccadia,d8:38:fc:26:d2:68,2.4 GHZ,-91,
2017-10-27 16:21:52,model=ONEPLUS A3003,32.17191463,34.801302,37.0,7,ey,b4:ee:b4:ac:f4:a3,2.4 GHZ,-78,Vnet-t,ec:8c:a2:08:9f:38,2.4 GHZ,-81,HOTBOX-9A18,f4:6b:ef:e0:f3:6d,2.4 GHZ,-87,Claes,a0:4f:d4:3d:16:01,2.4 GHZ,-81,HOTBOX-E99C,6c:2e:85:fe:95:f7,2.4 GHZ,-84,Jacobs Flat,00:78:9e:fa:29:1e,2.4 GHZ,-86,HOTBOX-F2DC,00:78:9e:f9:ff:02,2.4 GHZ,-87,
2017-10-27 16:21:55,model=ONEPLUS A3003,32.1720933,34.80136735,37.0,6,TP-LINK_MENASHE,14:cc:20:93:1f:50,2.4 GHZ,-80,Rosaness,84:18:3a:1d:3b:bc,5 GHZ,-89,NIPPON_3575,08:97:58:32:d1:b8,2.4 GHZ,-82,Rosaness,84:18:3a:1d:3b:b8,2.4 GHZ,-84,Rosaness,84:18:3a:1c:c9:a8,2.4 GHZ,-89,TREEHOUSE,c4:12:f5:7f:5a:15,2.4 GHZ,-86,
2017-10-27 16:22:00,model=ONEPLUS A3003,32.17237063,34.80149595,37.0,10,HOTBOX-8C78,c0:ac:54:f8:57:42,2.4 GHZ,-82,GP25665584,f6:dd:9e:7a:1a:4f,2.4 GHZ,-75,MatchBoxAir,30:b5:c2:3d:a9:0a,2.4 GHZ,-82,HOTBOX-BOX-72A6,b4:ee:b4:ae:86:43,2.4 GHZ,-88,MiriTal,a0:4f:d4:3e:7c:31,2.4 GHZ,-93,daniel,e8:1d:a8:05:01:58,2.4 GHZ,-82,daniel,e8:1d:a8:04:fc:08,2.4 GHZ,-86,daniel,e8:1d:a8:05:0f:c8,2.4 GHZ,-88,daniel,e8:1d:a8:04:fa:68,2.4 GHZ,-88,daniel,e8:1d:a8:03:91:58,2.4 GHZ,-90,
2017-10-27 16:22:02,model=ONEPLUS A3003,32.17245298,34.80157306,37.0,7,HOTBOX-B239,e0:ce:c3:8b:b2:3f,2.4 GHZ,-80,TopAudio-N,90:a7:c1:14:e3:b4,2.4 GHZ,-92,HOTBOX-9A18,b0:b2:8f:21:16:bc,2.4 GHZ,-93,Danziger,00:24:2c:a8:7a:2c,2.4 GHZ,-85,orchid,f0:3e:90:0f:6b:58,2.4 GHZ,-75,orchid,f0:3e:90:0f:6b:b8,2.4 GHZ,-84,orchid,24:79:2a:0e:0f:e8,2.4 GHZ,-85,
2017-10-27 16:22:04,model=ONEPLUS A3003,32.1725136,34.80165912,38.0,1,Partner,42501_13111_8627203,gsm,-113,
2017-10-27 16:22:07,model=ONEPLUS A3003,32.17264426,34.80169882,38.0,5,deborah,14:ae:db:57:4e:4d,2.4 GHZ,-81,amir1,14:ae:db:39:a9:2d,2.4 GHZ,-81,DIRECT-53-HP DeskJet 3830 series,fc:3f:db:a0:28:77,2.4 GHZ,-86,rdpokecoke2,bc:f6:85:0d:22:cb,2.4 GHZ,-89,toffy,00:1d:aa:80:94:4c,2.4 GHZ,-89,
2017-10-27 16:22:08,model=ONEPLUS A3003,32.17268258,34.80166758,38.0,1,TopAudio,4c:60:de:d1:da:80,2.4 GHZ,-80,
2017-10-27 16:22:13,model=ONEPLUS A3003,32.17256372,34.80146516,38.0,7,123uoses,00:12:2a:31:b9:dc,2.4 GHZ,-80,DIRECT-20-HP DeskJet 3830 series,fc:3f:db:a0:1b:94,2.4 GHZ,-86,HOTBOX-1,40:65:a3:2b:58:68,2.4 GHZ,-87,HOTBOX-04F2,c0:ac:54:f6:28:a3,2.4 GHZ,-88,HOTBOX-F3BE,c0:ac:54:f6:e1:ec,2.4 GHZ,-91,HOTBOX-2E16,00:78:9e:fb:7c:f8,2.4 GHZ,-93,orchid,f0:3e:90:0f:56:d8,2.4 GHZ,-93,
2017-10-27 16:22:22,model=ONEPLUS A3003,32.17192391,34.80122431,37.0,7,HOTBOX-A8E3,08:6a:0a:22:a8:e9,2.4 GHZ,-86,doram012,00:90:8f:2b:c0:5c,2.4 GHZ,-89,HP-Print-18-Officejet Pro 6830,dc:4a:3e:11:e5:18,2.4 GHZ,-91,daniel,e8:1d:a8:03:91:08,2.4 GHZ,-82,daniel,e8:1d:a8:05:15:78,2.4 GHZ,-84,daniel,e8:1d:a8:04:fa:a8,2.4 GHZ,-91,daniel,90:f6:52:55:86:37,2.4 GHZ,-90,
2017-10-27 16:22:34,model=ONEPLUS A3003,32.17181691,34.80118949,37.0,2,daniel,e8:1d:a8:04:fa:a8,2.4 GHZ,-85,daniel,e8:1d:a8:03:91:0c,5 GHZ,-90,
2017-10-27 16:22:37,model=ONEPLUS A3003,32.17174052,34.80116387,37.0,4,TREEHOUSE,c4:12:f5:7f:5a:15,2.4 GHZ,-80,HOTBOX2,7c:b7:33:2c:b9:21,2.4 GHZ,-89,kenedy,e8:94:f6:b7:4f:54,2.4 GHZ,-91,HOTBOX-4E11,7c:b7:33:2e:4e:17,2.4 GHZ,-87,
2017-10-27 16:22:39,model=ONEPLUS A3003,32.17167923,34.80113737,37.0,1,TopAudio,4c:60:de:d1:da:80,2.4 GHZ,-83,
2017-10-27 16:22:44,model=ONEPLUS A3003,32.17156482,34.80109297,37.0,8,deborah,14:ae:db:57:4e:4d,2.4 GHZ,-84,Logitech,d8:38:fc:5c:a6:38,2.4 GHZ,-79,Logitech,d8:38:fc:5c:a6:3c,5 GHZ,-89,daniel,d8:38:fc:1c:a6:38,2.4 GHZ,-78,daniel,d8:38:fc:1c:a6:3c,5 GHZ,-88,daniel,e8:1d:a8:04:ff:88,2.4 GHZ,-82,daniel,e8:1d:a8:03:91:8c,5 GHZ,-92,daniel,e8:1d:a8:03:91:88,2.4 GHZ,-92,
2017-10-27 16:22:46,model=ONEPLUS A3003,32.17147587,34.80105653,37.0,1,Partner,42501_13111_8627203,gsm,-113,
2017-10-27 16:22:49,model=ONEPLUS A3003,32.17133369,34.80099957,37.0,3,HOTBOX-8C78,c0:ac:54:f8:57:42,2.4 GHZ,-84,GP25665584,f6:dd:9e:7a:1a:4f,2.4 GHZ,-72,daniel,e8:1d:a8:05:01:58,2.4 GHZ,-85,
2017-10-27 16:22:52,model=ONEPLUS A3003,32.17115856,34.80092985,36.0,10,Rosaness,84:18:3a:1c:b7:18,2.4 GHZ,-75,Rosaness,84:18:3a:1d:3b:b8,2.4 GHZ,-78,Rosaness,84:18:3a:1c:c9:ac,5 GHZ,-90,Rosaness,84:18:3a:1c:b7:1c,5 GHZ,-90,HOTBOX-62D0_2EX,74:da:38:a6:3c:32,2.4 GHZ,-86,HOTBOX-E8E0,6c:2e:85:fe:d2:d3,2.4 GHZ,-89,daniel,e8:1d:a8:04:fe:98,2.4 GHZ,-90,daniel,e8:1d:a8:05:0c:98,2.4 GHZ,-80,hpsetup,8a:ff:b4:f8:5c:3a,2.4 GHZ,-89,daniel,54:e6:fc:ce:18:97,2.4 GHZ,-89,
2017-10-27 16:22:54,model=ONEPLUS A3003,32.17101676,34.80087528,37.0,3,NIPPON_3575,08:97:58:32:d1:b8,2.4 GHZ,-86,TP-LINK_MENASHE,14:cc:20:93:1f:50,2.4 GHZ,-84,Rosaness,84:18:3a:1c:c9:a8,2.4 GHZ,-87,
2017-10-27 16:22:57,model=ONEPLUS A3003,32.17077174,34.80077998,37.0,1,Vnet-t,ec:8c:a2:08:9f:38,2.4 GHZ,-93,
2017-10-27 16:22:58,model=ONEPLUS A3003,32.17068158,34.80073959,36.0,3,TREEHOUSE,c4:12:f5:7f:5a:15,2.4 GHZ,-89,HOTBOX2,7c:b7:33:2c:b9:21,2.4 GHZ,-92,kenedy,e8:94:f6:b7:4f:54,2.4 GHZ,-91,
2017-10-27 16:22:59,model=ONEPLUS A3003,32.17058788,34.80070318,36.0,1,TopAudio,4c:60:de:d1:da:80,2.4 GHZ,-82,
2017-10-27 16:23:00,model=ONEPLUS A3003,32.17048896,34.80065981,36.0,7,Logitech,d8:38:fc:5c:a6:38,2.4 GHZ,-79,Logitech,d8:38:fc:5c:a6:3c,5 GHZ,-89,daniel,d8:38:fc:1c:a6:38,2.4 GHZ,-78,daniel,d8:38:fc:1c:a6:3c,5 GHZ,-88,daniel,e8:1d:a8:04:ff:88,2.4 GHZ,-82,daniel,e8:1d:a8:03:91:8c,5 GHZ,-92,daniel,e8:1d:a8:03:91:88,2.4 GHZ,-92,
2017-10-27 16:23:01,model=ONEPLUS A3003,32.17039984,34.80062161,35.0,1,Partner,42501_13111_8627203,gsm,-113,
2017-10-27 16:23:02,model=ONEPLUS A3003,32.1703233,34.80058704,35.0,1,daniel,e8:1d:a8:05:01:58,2.4 GHZ,-85,
2017-10-27 16:23:04,model=ONEPLUS A3003,32.1701993,34.80053617,35.0,3,marcus 1,74:da:38:30:26:6f,2.4 GHZ,-87,Benhamou,c4:12:f5:f5:45:f6,2.4 GHZ,-88,HOTBOX-9A18,c0:ac:54:f8:0f:1f,2.4 GHZ,-84,
2017-10-27 16:23:05,model=ONEPLUS A3003,32.1701581,34.80052059,35.0,10,Rosaness,84:18:3a:1c:b7:18,2.4 GHZ,-83,Rosaness,84:18:3a:1d:3b:b8,2.4 GHZ,-77,Rosaness,84:18:3a:1c:c9:ac,5 GHZ,-90,Rosaness,84:18:3a:1c:b7:1c,5 GHZ,-88,HOTBOX-62D0_2EX,74:da:38:a6:3c:32,2.4 GHZ,-82,HOTBOX-E8E0,6c:2e:85:fe:d2:d3,2.4 GHZ,-89,daniel,e8:1d:a8:04:fe:98,2.4 GHZ,-90,daniel,e8:1d:a8:05:0c:98,2.4 GHZ,-80,hpsetup,8a:ff:b4:f8:5c:3a,2.4 GHZ,-85,daniel,54:e6:fc:ce:18:97,2.4 GHZ,-89,
2017-10-27 16:23:07,model=ONEPLUS A3003,32.17011184,34.80050063,36.0,4,lazare2.4,a4:2b:8c:99:02:05,2.4 GHZ,-91,Chenriko,c8:be:19:13:21:d6,2.4 GHZ,-92,TopAudio,e4:f4:c6:4d:c7:5c,2.4 GHZ,-88,Bezeq Free NA1F34,72:2b:8c:99:02:06,2.4 GHZ,-88,
2017-10-27 16:23:14,model=ONEPLUS A3003,32.17004098,34.80047126,37.0,1,Sofia2.4,c4:12:f5:84:32:e0,2.4 GHZ,-86,
2017-10-27 16:23:15,model=ONEPLUS A3003,32.17000942,34.80046055,37.0,3,NIPPON_3575,08:97:58:32:d1:b8,2.4 GHZ,-86,TP-LINK_MENASHE,14:cc:20:93:1f:50,2.4 GHZ,-84,Rosaness,84:18:3a:1c:c9:a8,2.4 GHZ,-87,
2017-10-27 16:23:21,model=ONEPLUS A3003,32.16960237,34.80033535,34.0,2,TREEHOUSE,c4:12:f5:7f:5a:15,2.4 GHZ,-89,HOTBOX2,7c:b7:33:2c:b9:21,2.4 GHZ,-92,
2017-10-27 16:23:22,model=ONEPLUS A3003,32.16951178,34.80030965,34.0,10,TopAudio,4c:60:de:d1:da:80,2.4 GHZ,-82,Benhamou,c4:12:f5:f5:45:f6,2.4 GHZ,-83,,d8:38:fc:66:ec:1c,5 GHZ,-89,Chana,10:be:f5:3d:80:3a,2.4 GHZ,-85,HOTBOX-62D0,54:64:d9:66:27:79,2.4 GHZ,-87,IIT,ec:8c:a2:a1:25:c8,2.4 GHZ,-87,,ec:8c:a2:61:25:c8,2.4 GHZ,-88,HP-Print-45-Deskjet 4640 series,5c:b9:01:6a:8c:45,2.4 GHZ,-86,DanAccadia,d8:38:fc:26:ec:1c,5 GHZ,-88,DanAccadia,ec:8c:a2:21:25:c8,2.4 GHZ,-88,
2017-10-27 16:23:24,model=ONEPLUS A3003,32.16932069,34.80027077,32.0,2,Gold,a0:4f:d4:44:36:71,2.4 GHZ,-85,Yafit-10bb,a0:ab:1b:62:4d:d0,2.4 GHZ,-94,
2017-10-27 16:23:26,model=ONEPLUS A3003,32.16913284,34.80023969,31.0,1,HOTBOX-62D0_2EX,74:da:38:a6:3c:32,2.4 GHZ,-83,
2017-10-27 16:23:27,model=ONEPLUS A3003,32.1690384,34.8002272,31.0,3,TopAudio,e4:f4:c6:4d:c7:5c,2.4 GHZ,-88,Bezeq Free NA1F34,72:2b:8c:99:02:06,2.4 GHZ,-92,Sofia2.4,c4:12:f5:84:32:e0,2.4 GHZ,-86,
2017-10-27 16:23:28,model=ONEPLUS A3003,32.16894933,34.80021782,31.0,1,Video Connection,6c:b0:ce:e8:2a:b0,2.4 GHZ,-85,
2017-10-27 16:23:34,model=ONEPLUS A3003,32.16859061,34.80017541,28.0,10,DanAccadia,0c:f4:d5:1b:38:e8,2.4 GHZ,-84,SavantS,e4:f4:c6:d8:e8:60,2.4 GHZ,-70,PELEG,14:d6:4d:f4:42:d7,2.4 GHZ,-84,,0c:f4:d5:5b:d3:88,2.4 GHZ,-88,DanAccadia,0c:f4:d5:1b:08:58,2.4 GHZ,-83,DanAccadia,d8:38:fc:26:dc:38,2.4 GHZ,-85,DanAccadia,d8:38:fc:26:dd:d8,2.4 GHZ,-85,DanAccadia,0c:f4:d5:1b:0b:18,2.4 GHZ,-86,DanAccadia,d8:38:fc:26:d2:68,2.4 GHZ,-89,DanAccadia,d8:38:fc:26:fb:d8,2.4 GHZ,-91,
2017-10-27 16:23:35,model=ONEPLUS A3003,32.16853096,34.80016831,27.0,1,Partner,42501_13111_8652801,gsm,-113,
2017-10-27 16:23:36,model=ONEPLUS A3003,32.16846865,34.800158,28.0,10,Benhamou,c4:12:f5:f5:45:f6,2.4 GHZ,-84,,d8:38:fc:66:ec:1c,5 GHZ,-89,Chana,10:be:f5:3d:80:3a,2.4 GHZ,-86,HOTBOX-62D0,54:64:d9:66:27:79,2.4 GHZ,-84,IIT,ec:8c:a2:a1:25:c8,2.4 GHZ,-87,,ec:8c:a2:61:25:c8,2.4 GHZ,-88,Lazar,54:e6:fc:ff:72:1f,2.4 GHZ,-90,DanAccadia,d8:38:fc:26:ec:1c,5 GHZ,-88,DanAccadia,ec:8c:a2:21:25:c8,2.4 GHZ,-88,HP-Print-45-Deskjet 4640 series,5c:b9:01:6a:8c:45,2.4 GHZ,-86,
2017-10-27 16:23:37,model=ONEPLUS A3003,32.1684013,34.80014633,27.0,10,BezeqFree,14:af:db:30:c9:d2,2.4 GHZ,-75,Chen,14:ae:db:30:c9:d2,2.4 GHZ,-75,island-3927A0,d4:68:4d:79:27:a3,2.4 GHZ,-78,Marine-Heights,d4:68:4d:39:3f:88,2.4 GHZ,-85,,0c:f4:d5:5b:e1:48,2.4 GHZ,-86,Happy Home Network,c0:a0:bb:cc:e2:3a,2.4 GHZ,-86,Ellman-2.4Ghz,04:a1:51:c4:27:6e,2.4 GHZ,-92,DanAccadia,d8:38:fc:26:02:98,2.4 GHZ,-80,DanAccadia,d8:38:fc:26:ff:28,2.4 GHZ,-83,DanAccadia,0c:f4:d5:1b:d3:88,2.4 GHZ,-91,
2017-10-27 16:23:39,model=ONEPLUS A3003,32.16827167,34.80013238,26.0,2,Gold,a0:4f:d4:44:36:71,2.4 GHZ,-85,Yafit-10bb,a0:ab:1b:62:4d:d0,2.4 GHZ,-94,
2017-10-27 16:23:42,model=ONEPLUS A3003,32.16810453,34.80021113,26.0,1,HOTBOX-62D0_2EX,74:da:38:a6:3c:32,2.4 GHZ,-83,
2017-10-27 16:23:44,model=ONEPLUS A3003,32.16806437,34.8003488,26.0,10,Happy Home Network,c0:a0:bb:cc:e2:3a,2.4 GHZ,-80,Daniela,14:ae:db:32:cf:42,2.4 GHZ,-74,HP-Print-C1-Officejet Pro 8600,28:92:4a:bc:a2:c1,2.4 GHZ,-79,DIRECT-51-HP DeskJet 4670 series,30:e1:71:f0:7b:52,2.4 GHZ,-79,Rozalin.co.il,08:5b:0e:8e:06:97,2.4 GHZ,-81,DanAccadia,0c:f4:d5:1b:49:38,2.4 GHZ,-84,TNCAPE5A34D,9c:97:26:8a:43:e1,2.4 GHZ,-81,DanAccadia,0c:f4:d5:1b:09:98,2.4 GHZ,-82,DanAccadia,d8:38:fc:26:fd:18,2.4 GHZ,-83,BezeqNGN_98087,4c:60:de:42:20:28,2.4 GHZ,-83,
2017-10-27 16:23:51,model=ONEPLUS A3003,32.16797688,34.80111408,27.0,10,BEZEQINT-0301,14:ae:db:cb:03:05,2.4 GHZ,-79,claude_3,14:cc:20:09:3f:f6,2.4 GHZ,-81,HOTBOX-3DFD,b4:ee:b4:a7:3e:03,2.4 GHZ,-77,HOTBOX-1,c0:ac:54:f7:13:e3,2.4 GHZ,-82,gary-flat,28:c6:8e:37:ab:72,2.4 GHZ,-81,Shohat01,7c:b7:33:ea:b3:b4,2.4 GHZ,-83,HOTBOX-AB52,90:8d:78:e4:ab:7f,2.4 GHZ,-80,HOTBOX-AB52,c0:ac:54:f6:fc:e4,2.4 GHZ,-80,HOTBOX-4ACF,d8:fb:5e:18:4a:d5,2.4 GHZ,-82,Serge_2.4,c4:a8:1d:12:62:55,2.4 GHZ,-79,
2017-10-27 16:23:54,model=ONEPLUS A3003,32.16794625,34.80141799,28.0,10,LEE2,00:b0:c6:57:6a:91,2.4 GHZ,-72,LEE2,00:b0:c6:57:6a:99,5 GHZ,-75,DianneC,bc:f6:85:0b:6c:bf,2.4 GHZ,-77,BezeqFree,14:af:db:30:c9:d2,2.4 GHZ,-79,island-3927A0,d4:68:4d:79:27:a3,2.4 GHZ,-74,Happy Home Network,c0:a0:bb:cc:e2:3a,2.4 GHZ,-80,Daniela,14:ae:db:32:cf:42,2.4 GHZ,-74,HP-Print-C1-Officejet Pro 8600,28:92:4a:bc:a2:c1,2.4 GHZ,-79,Rozalin.co.il,08:5b:0e:8e:06:97,2.4 GHZ,-81,I.L.L,c0:ff:d4:bd:9e:30,2.4 GHZ,-80,
2017-10-27 16:24:02,model=ONEPLUS A3003,32.16785479,34.80221896,33.0,10,BEZEQINT-0301,14:ae:db:cb:03:05,2.4 GHZ,-79,claude_3,14:cc:20:09:3f:f6,2.4 GHZ,-81,HOTBOX-3DFD,b4:ee:b4:a7:3e:03,2.4 GHZ,-77,HOTBOX-1,c0:ac:54:f7:13:e3,2.4 GHZ,-82,gary-flat,28:c6:8e:37:ab:72,2.4 GHZ,-81,HOTBOX-4ACF,d8:fb:5e:18:4a:d5,2.4 GHZ,-82,HOTBOX-AB52,c0:ac:54:f6:fc:e4,2.4 GHZ,-80,Dror,7c:03:4c:ba:a6:1c,2.4 GHZ,-81,HOTBOX-AB52,90:8d:78:e4:ab:7f,2.4 GHZ,-80,Serge_2.4,c4:a8:1d:12:62:55,2.4 GHZ,-79,
2017-10-27 16:24:04,model=ONEPLUS A3003,32.16783277,34.8024285,34.0,10,LEE2,00:b0:c6:57:6a:91,2.4 GHZ,-72,LEE2,00:b0:c6:57:6a:99,5 GHZ,-75,DianneC,bc:f6:85:0b:6c:bf,2.4 GHZ,-77,BezeqFree,14:af:db:30:c9:d2,2.4 GHZ,-79,island-3927A0,d4:68:4d:79:27:a3,2.4 GHZ,-74,Happy Home Network,c0:a0:bb:cc:e2:3a,2.4 GHZ,-80,Daniela,14:ae:db:32:cf:42,2.4 GHZ,-74,HP-Print-C1-Officejet Pro 8600,28:92:4a:bc:a2:c1,2.4 GHZ,-79,HOT1,c0:ac:54:f5:d7:ff,2.4 GHZ,-72,HOTBOX-C85E,7c:03:4c:ff:28:2c,2.4 GHZ,-80,
2017-10-27 16:24:07,model=ONEPLUS A3003,32.16780051,34.80267393,35.0,5,hagit_2.4,6c:b0:ce:33:a4:d5,2.4 GHZ,-74,Student,46:d9:e7:04:ff:2f,2.4 GHZ,-89,Student,46:d9:e7:fe:83:ad,2.4 GHZ,-91,HOTFiber-C09E,b0:b2:8f:12:a6:86,2.4 GHZ,-91,Bezeq Free,5a:b0:ce:33:a4:d6,2.4 GHZ,-71,
2017-10-27 16:24:14,model=ONEPLUS A3003,32.16778501,34.80285201,36.0,2,Roikhel,9c:d6:43:23:99:91,2.4 GHZ,-89,gella555,00:22:b0:75:7d:eb,2.4 GHZ,-93,
2017-10-27 16:24:25,model=ONEPLUS A3003,32.16778529,34.80284709,37.0,2,anna2.4,a0:ab:1b:62:76:ac,2.4 GHZ,-91,099556880,10:0d:7f:99:bd:b2,2.4 GHZ,-92,
2017-10-27 16:24:37,model=ONEPLUS A3003,32.16778513,34.80284851,36.0,1,Yafim,14:ae:db:32:13:d2,2.4 GHZ,-89,
2017-10-27 16:24:49,model=ONEPLUS A3003,32.16777303,34.80294343,36.0,3,BezeqFree,6a:12:f5:84:50:41,2.4 GHZ,-84,opus7_5,c4:12:f5:84:50:3f,5 GHZ,-88,klara-012,c4:12:f5:fd:d1:94,2.4 GHZ,-85,
2017-10-27 16:24:52,model=ONEPLUS A3003,32.16775583,34.80309845,37.0,1,wingate,70:3a:cb:5f:4f:25,2.4 GHZ,-83,
2017-10-27 16:25:00,model=ONEPLUS A3003,32.16804761,34.80341606,35.0,5,opus7,c4:12:f5:84:50:40,2.4 GHZ,-81,anna2.4,a0:ab:1b:62:76:ac,2.4 GHZ,-86,HOTBOX,7c:03:4c:fe:ba:1b,2.4 GHZ,-87,tania_2.4,70:62:b8:31:1d:80,2.4 GHZ,-92,Partner,42501_13111_496641,gsm,-113,
2017-10-27 16:25:01,model=ONEPLUS A3003,32.168087,34.8034694,35.0,1,elneuron,e8:fc:af:92:b9:87,2.4 GHZ,-88,
2017-10-27 16:25:04,model=ONEPLUS A3003,32.16811782,34.8037292,36.0,2,hagit_2.4,6c:b0:ce:33:a4:d5,2.4 GHZ,-83,Bezeq Free,5a:b0:ce:33:a4:d6,2.4 GHZ,-82,
2017-10-27 16:25:06,model=ONEPLUS A3003,32.16810512,34.8039691,36.0,6,BezeqFree,6a:12:f5:84:50:41,2.4 GHZ,-80,Roikhel,9c:d6:43:23:99:91,2.4 GHZ,-87,099556880,10:0d:7f:99:bd:b2,2.4 GHZ,-91,Yafim,14:ae:db:32:13:d2,2.4 GHZ,-86,opus7_5,c4:12:f5:84:50:3f,5 GHZ,-88,klara-012,c4:12:f5:fd:d1:94,2.4 GHZ,-82,
2017-10-27 16:25:07,model=ONEPLUS A3003,32.16809297,34.80410766,36.0,3,wingate,70:3a:cb:5f:4f:25,2.4 GHZ,-83,TP-LINK_UKTVWATCH_EXT,8a:1b:5e:83:d7:c2,2.4 GHZ,-87,TP-LINK_UKTVWATCH,50:c7:bf:18:9a:de,2.4 GHZ,-92,
2017-10-27 16:25:10,model=ONEPLUS A3003,32.16804439,34.80457098,36.0,9,opus7,c4:12:f5:84:50:40,2.4 GHZ,-81,anna2.4,a0:ab:1b:62:76:ac,2.4 GHZ,-86,HOTBOX,7c:03:4c:fe:ba:1b,2.4 GHZ,-87,tania_2.4,70:62:b8:31:1d:80,2.4 GHZ,-92,Murad1,f8:d1:11:75:25:64,2.4 GHZ,-88,Home2,ac:f1:df:9d:f7:91,2.4 GHZ,-87,shlomo1,00:8c:54:8f:59:51,2.4 GHZ,-89,Mwanza,48:ee:0c:3e:cb:98,2.4 GHZ,-95,Partner,42501_13111_496641,gsm,-113,
2017-10-27 16:25:13,model=ONEPLUS A3003,32.1679946,34.80503635,36.0,2,BezeqFree,6a:12:f5:84:50:41,2.4 GHZ,-80,klara-012,c4:12:f5:fd:d1:94,2.4 GHZ,-82,
2017-10-27 16:25:14,model=ONEPLUS A3003,32.16797618,34.80517537,36.0,2,TP-LINK_UKTVWATCH_EXT,8a:1b:5e:83:d7:c2,2.4 GHZ,-89,TP-LINK_UKTVWATCH,50:c7:bf:18:9a:de,2.4 GHZ,-92,
2017-10-27 16:25:15,model=ONEPLUS A3003,32.1679599,34.80529349,36.0,4,irit,c0:ac:54:f7:82:21,2.4 GHZ,-85,HP-Print-36-Officejet Pro 6830,dc:4a:3e:be:0a:36,2.4 GHZ,-88,Grosman_sec,c4:a8:1d:13:61:b5,2.4 GHZ,-90,Tamara,14:ae:db:b0:41:25,2.4 GHZ,-96,
2017-10-27 16:25:20,model=ONEPLUS A3003,32.16784934,34.80569708,36.0,10,opus7,c4:12:f5:84:50:40,2.4 GHZ,-81,anna2.4,a0:ab:1b:62:76:ac,2.4 GHZ,-86,HOTBOX,7c:03:4c:fe:ba:1b,2.4 GHZ,-87,tania_2.4,70:62:b8:31:1d:80,2.4 GHZ,-92,Murad1,f8:d1:11:75:25:64,2.4 GHZ,-88,Home2,ac:f1:df:9d:f7:91,2.4 GHZ,-87,shlomo1,00:8c:54:8f:59:51,2.4 GHZ,-89,shor_Ext,e2:91:f5:b6:ec:a8,2.4 GHZ,-93,Annatel_3372,74:da:38:a9:0c:3e,2.4 GHZ,-87,Partner-4G-86E5,b0:89:00:d8:86:e5,2.4 GHZ,-90,
2017-10-27 16:25:21,model=ONEPLUS A3003,32.16782606,34.80574401,36.0,2,Hazan_Home,18:d6:c7:ef:1e:a4,2.4 GHZ,-89,DIRECT-17-HP DeskJet 3830 series,94:57:a5:4a:f4:89,2.4 GHZ,-94,
2017-10-27 16:25:30,model=ONEPLUS A3003,32.16795669,34.80609552,35.0,3,Annatel_3372,74:da:38:a9:0c:3e,2.4 GHZ,-78,DIRECT-17-HP DeskJet 3830 series,94:57:a5:4a:f4:89,2.4 GHZ,-88,Home,14:ae:db:53:0c:2d,2.4 GHZ,-90,
2017-10-27 16:25:35,model=ONEPLUS A3003,32.16844746,34.80619976,37.0,2,TP-LINK_UKTVWATCH_EXT,8a:1b:5e:83:d7:c2,2.4 GHZ,-89,Partner,42501_13111_496642,gsm,-113,
2017-10-27 16:25:37,model=ONEPLUS A3003,32.16864207,34.80625201,38.0,8,Heifes,20:0c:c8:10:c8:11,2.4 GHZ,-91,Bezeq Free D02536,72:0c:c8:10:c8:12,2.4 GHZ,-91,zinger,88:dc:96:1c:a2:00,2.4 GHZ,-68,rfi,00:02:6f:f7:72:b0,2.4 GHZ,-84,gattegnio,ec:08:6b:67:fc:c5,2.4 GHZ,-81,HP-Print-45-Officejet Pro 6830,70:5a:0f:67:88:45,2.4 GHZ,-82,gattegnio,fc:b4:e6:d0:b6:67,2.4 GHZ,-86,rfi,00:02:6f:f7:72:60,2.4 GHZ,-91,
2017-10-27 16:25:40,model=ONEPLUS A3003,32.16898761,34.80632909,39.0,5,Annatel_3372,74:da:38:a9:0c:3e,2.4 GHZ,-78,shor_Ext,e2:91:f5:b6:ec:a8,2.4 GHZ,-89,Hazan_Home,18:d6:c7:ef:1e:a4,2.4 GHZ,-88,Home,14:ae:db:53:0c:2d,2.4 GHZ,-90,Melinek,14:ae:db:45:27:5d,2.4 GHZ,-85,
2017-10-27 16:25:45,model=ONEPLUS A3003,32.16949692,34.80645278,42.0,1,Partner,42501_13111_496642,gsm,-113,
2017-10-27 16:25:47,model=ONEPLUS A3003,32.16970805,34.80651822,43.0,8,Heifes,20:0c:c8:10:c8:11,2.4 GHZ,-91,Bezeq Free D02536,72:0c:c8:10:c8:12,2.4 GHZ,-91,zinger,88:dc:96:1c:a2:00,2.4 GHZ,-68,rfi,00:02:6f:f7:72:b0,2.4 GHZ,-84,gattegnio,ec:08:6b:67:fc:c5,2.4 GHZ,-83,HP-Print-45-Officejet Pro 6830,70:5a:0f:67:88:45,2.4 GHZ,-89,gattegnio,fc:b4:e6:d0:b6:67,2.4 GHZ,-87,rfi,00:02:6f:f7:72:60,2.4 GHZ,-91,
2017-10-27 16:25:49,model=ONEPLUS A3003,32.1699381,34.80660114,44.0,6,YamNadlan,34:8a:ae:ff:c0:96,2.4 GHZ,-73,YamNadlan,34:8a:ae:ff:c0:97,5 GHZ,-81,DIRECT-06-HP OfficeJet Pro 8710,98:e7:f4:42:88:07,2.4 GHZ,-83,tambourh,10:be:f5:3d:ac:54,2.4 GHZ,-88,Doswald,d8:fb:5e:17:64:22,2.4 GHZ,-87,Doswald,d0:84:b0:ff:1b:55,2.4 GHZ,-88,
2017-10-27 16:25:51,model=ONEPLUS A3003,32.17016745,34.80669356,46.0,5,Annatel_3372,74:da:38:a9:0c:3e,2.4 GHZ,-78,shor_Ext,e2:91:f5:b6:ec:a8,2.4 GHZ,-89,Hazan_Home,18:d6:c7:ef:1e:a4,2.4 GHZ,-88,Home,14:ae:db:53:0c:2d,2.4 GHZ,-90,Melinek,14:ae:db:45:27:5d,2.4 GHZ,-85,
2017-10-27 16:25:52,model=ONEPLUS A3003,32.17027133,34.80674085,45.0,1,GuestHome,e4:6f:13:47:e4:21,2.4 GHZ,-88,
2017-10-27 16:25:55,model=ONEPLUS A3003,32.17054806,34.80687629,47.0,1,Partner,42501_13111_496642,gsm,-113,
2017-10-27 16:25:57,model=ONEPLUS A3003,32.17073974,34.80696162,48.0,3,gattegnio,ec:08:6b:67:fc:c5,2.4 GHZ,-83,HP-Print-45-Officejet Pro 6830,70:5a:0f:67:88:45,2.4 GHZ,-89,gattegnio,fc:b4:e6:d0:b6:67,2.4 GHZ,-87,
2017-10-27 16:26:00,model=ONEPLUS A3003,32.17101312,34.80707854,48.0,10,YamNadlan,34:8a:ae:ff:c0:96,2.4 GHZ,-71,YamNadlan,34:8a:ae:ff:c0:97,5 GHZ,-81,DIRECT-06-HP OfficeJet Pro 8710,98:e7:f4:42:88:07,2.4 GHZ,-83,tambourh,10:be:f5:3d:ac:54,2.4 GHZ,-88,Doswald,d8:fb:5e:17:64:22,2.4 GHZ,-87,Doswald,d0:84:b0:ff:1b:55,2.4 GHZ,-88,rojavi,00:50:7f:f1:18:64,2.4 GHZ,-78,rojavi2017,ac:f1:df:a0:70:e9,2.4 GHZ,-83,rojavi2017,00:1d:aa:0f:59:f0,2.4 GHZ,-84,Bezeq Free,52:f1:df:a0:70:ea,2.4 GHZ,-82,
2017-10-27 16:26:02,model=ONEPLUS A3003,32.17119752,34.80715901,49.0,1,Melinek,14:ae:db:45:27:5d,2.4 GHZ,-85,
2017-10-27 16:26:03,model=ONEPLUS A3003,32.1713014,34.80720227,49.0,1,GuestHome,e4:6f:13:47:e4:21,2.4 GHZ,-88,
2017-10-27 16:26:06,model=ONEPLUS A3003,32.1716222,34.80734237,50.0,1,Partner,42501_13111_496642,gsm,-113,
2017-10-27 16:26:07,model=ONEPLUS A3003,32.1717147,34.80738335,50.0,6,HOTBOX-D7AA,00:78:9e:fa:b1:de,2.4 GHZ,-79,HOTFiber-06B6,08:3e:5d:63:39:61,2.4 GHZ,-79,menashe_2EX,74:da:38:73:17:cf,2.4 GHZ,-83,alexrath,48:ee:0c:3d:1d:6c,2.4 GHZ,-88,menashe,14:ae:db:48:16:65,2.4 GHZ,-90,Partner,42501_13111_7943940,gsm,-113,
2017-10-27 16:26:09,model=ONEPLUS A3003,32.17188914,34.80746199,50.0,10,menashe,14:ae:db:48:16:65,2.4 GHZ,-83,anino_EXT,6c:b0:ce:e8:7e:21,2.4 GHZ,-76,EDWARDSKI,2c:30:33:f1:bd:f6,2.4 GHZ,-83,Van2,90:f6:52:78:f4:cb,2.4 GHZ,-88,DIRECT-7DWorkCentre 3345,9e:93:4e:78:1c:45,2.4 GHZ,-84,HOTFiber-C5F0,f8:ab:05:47:21:8f,2.4 GHZ,-85,EDWARDSKI,98:de:d0:8d:39:98,2.4 GHZ,-87,HOTFiber-C5F0,08:6a:0a:57:c1:72,2.4 GHZ,-87,DIRECT-FC-HP OfficeJet Pro 8720,ec:8e:b5:05:97:a5,2.4 GHZ,-88,HOTFiber-C5F0,08:3e:5d:61:fc:59,2.4 GHZ,-91,
2017-10-27 16:26:11,model=ONEPLUS A3003,32.17207231,34.80753776,50.0,6,rojavi,00:50:7f:f1:18:64,2.4 GHZ,-78,rojavi2017,ac:f1:df:a0:70:e9,2.4 GHZ,-83,rojavi2017,00:1d:aa:0f:59:f0,2.4 GHZ,-84,upstairs,d4:6e:0e:cf:bc:ca,2.4 GHZ,-93,rojavi_EXT,d4:6e:0e:3c:2f:99,2.4 GHZ,-91,Bezeq Free,52:f1:df:a0:70:ea,2.4 GHZ,-82,
2017-10-27 16:26:20,model=ONEPLUS A3003,32.17286679,34.80789486,53.0,7,HOTBOX-D7AA,00:78:9e:fa:b1:de,2.4 GHZ,-85,HOTFiber-06B6,08:3e:5d:63:39:61,2.4 GHZ,-79,menashe_2EX,74:da:38:73:17:cf,2.4 GHZ,-87,alexrath,48:ee:0c:3d:1d:6c,2.4 GHZ,-85,DIRECT-F8-HP DeskJet 3830 series,a0:8c:fd:00:9e:01,2.4 GHZ,-88,D-Link,b8:a3:86:4a:1e:01,2.4 GHZ,-85,Partner,42501_13111_7943940,gsm,-113,
2017-10-27 16:26:21,model=ONEPLUS A3003,32.17296569,34.80793319,54.0,10,menashe,14:ae:db:48:16:65,2.4 GHZ,-83,anino_EXT,6c:b0:ce:e8:7e:21,2.4 GHZ,-86,EDWARDSKI,2c:30:33:f1:bd:f6,2.4 GHZ,-83,Van2,90:f6:52:78:f4:cb,2.4 GHZ,-85,DIRECT-7DWorkCentre 3345,9e:93:4e:78:1c:45,2.4 GHZ,-84,HOTFiber-C5F0,f8:ab:05:47:21:8f,2.4 GHZ,-85,EDWARDSKI,98:de:d0:8d:39:98,2.4 GHZ,-87,HOTFiber-C5F0,08:6a:0a:57:c1:72,2.4 GHZ,-87,DIRECT-FC-HP OfficeJet Pro 8720,ec:8e:b5:05:97:a5,2.4 GHZ,-88,HOTFiber-C5F0,08:3e:5d:61:fc:59,2.4 GHZ,-91,
2017-10-27 16:26:22,model=ONEPLUS A3003,32.1730666,34.8079757,53.0,10,Mica1,40:65:a3:29:21:d8,2.4 GHZ,-72,OR,c4:12:f5:ff:b6:4e,2.4 GHZ,-83,DIRECT-9J-BRAVIA,56:35:30:aa:49:43,2.4 GHZ,-83,DIRECT-4B-HP OfficeJet Pro 6960,18:60:24:3e:f7:4c,2.4 GHZ,-83,Soorani10,00:78:9e:ff:9a:47,2.4 GHZ,-89,moka,a4:2b:8c:9d:20:f6,2.4 GHZ,-89,HOTBOX-3724,00:78:9e:fb:7f:c0,2.4 GHZ,-89,,fa:8f:ca:95:26:8d,2.4 GHZ,-86,@Cafe,5a:2b:8c:9d:20:f4,2.4 GHZ,-86,clean shop Wi Fi,6c:19:8f:4b:56:3b,2.4 GHZ,-83,
2017-10-27 16:26:30,model=ONEPLUS A3003,32.17342499,34.80844907,51.0,10,HomeWi-Fi,64:70:02:c5:70:b8,2.4 GHZ,-75,DIRECT-EC-HP DeskJet 3830 series,30:e1:71:fb:dd:ed,2.4 GHZ,-74,HomeWi-Fi,64:70:02:c5:73:b0,2.4 GHZ,-82,DIRECT-24-HP OfficeJet Pro 6960,98:e7:f4:b5:bc:25,2.4 GHZ,-79,oren1,00:78:9e:fb:bc:7c,2.4 GHZ,-79,sw,c8:be:19:0c:af:01,2.4 GHZ,-79,ZNetwork,80:1f:02:93:bc:b6,2.4 GHZ,-84,Yvo_home,74:da:3a:be:d7:a2,2.4 GHZ,-85,reuven,6c:19:8f:49:e9:8c,2.4 GHZ,-87,HOTBOX-8A9C,6c:2e:85:fe:a1:37,2.4 GHZ,-88,
2017-10-27 16:26:33,model=ONEPLUS A3003,32.17336037,34.80877443,49.0,7,Yvo_home,74:da:3a:be:d7:a2,2.4 GHZ,-73,HOTBOX-8A9C,6c:2e:85:fe:a1:37,2.4 GHZ,-83,uzi,00:12:2a:f2:17:18,2.4 GHZ,-79,uzi 5Gh,00:12:2a:f2:17:1c,5 GHZ,-87,Yvo_home_2EX,74:da:38:be:d7:a1,2.4 GHZ,-86,Yvo_home,14:ae:db:37:05:65,2.4 GHZ,-90,Tastas Home,a0:4f:d4:3c:27:c1,2.4 GHZ,-92,
2017-10-27 16:26:34,model=ONEPLUS A3003,32.173336,34.80889927,49.0,1,Partner,42501_13111_7943940,gsm,-113,
2017-10-27 16:26:35,model=ONEPLUS A3003,32.17331067,34.80902485,48.0,10,Mica1,40:65:a3:29:21:d8,2.4 GHZ,-72,OR,c4:12:f5:ff:b6:4e,2.4 GHZ,-83,Soorani10,00:78:9e:ff:9a:47,2.4 GHZ,-89,moka,a4:2b:8c:9d:20:f6,2.4 GHZ,-89,HOTBOX-3724,00:78:9e:fb:7f:c0,2.4 GHZ,-89,LIT,d8:fb:5e:18:49:70,2.4 GHZ,-90,newyossi,50:c7:bf:7f:7c:3c,2.4 GHZ,-90,clean shop Wi Fi,6c:19:8f:4b:56:3b,2.4 GHZ,-83,@Cafe,5a:2b:8c:9d:20:f4,2.4 GHZ,-93,,fa:8f:ca:95:26:8d,2.4 GHZ,-86,
2017-10-27 16:26:37,model=ONEPLUS A3003,32.1732617,34.8092984,46.0,8,HOTFiber,7c:b7:33:a1:a5:6d,2.4 GHZ,-82,Cellcom-WiFi_2078,8c:59:c3:a3:61:e9,2.4 GHZ,-89,papir,80:1f:02:66:4d:28,2.4 GHZ,-89,gina-AP,c4:6e:1f:4c:f7:72,2.4 GHZ,-94,Benedicte,c0:ff:d4:7b:ee:4e,2.4 GHZ,-91,DIRECT-EE-HP DeskJet 4670 series,b0:5a:da:f7:1a:f2,2.4 GHZ,-92,AHRONEE,00:78:9e:fa:c7:d5,2.4 GHZ,-94,Bezeq Free RA583B,62:ff:d4:7b:ee:4f,2.4 GHZ,-95,
2017-10-27 16:26:40,model=ONEPLUS A3003,32.17318562,34.80971218,41.0,8,HomeWi-Fi,64:70:02:c5:70:b8,2.4 GHZ,-79,HomeWi-Fi,64:70:02:c5:73:b0,2.4 GHZ,-82,oren1,00:78:9e:fb:bc:7c,2.4 GHZ,-79,sw,c8:be:19:0c:af:01,2.4 GHZ,-79,ZNetwork,80:1f:02:93:bc:b6,2.4 GHZ,-84,reuven,6c:19:8f:49:e9:8c,2.4 GHZ,-87,peles,5c:d9:98:c6:50:2f,2.4 GHZ,-90,EF-A,d8:fe:e3:02:93:49,2.4 GHZ,-87,
2017-10-27 16:26:41,model=ONEPLUS A3003,32.17316316,34.80985954,39.0,7,Yvo_home,74:da:3a:be:d7:a2,2.4 GHZ,-73,HOTBOX-8A9C,6c:2e:85:fe:a1:37,2.4 GHZ,-83,uzi,00:12:2a:f2:17:18,2.4 GHZ,-79,uzi 5Gh,00:12:2a:f2:17:1c,5 GHZ,-87,Yvo_home_2EX,74:da:38:be:d7:a1,2.4 GHZ,-86,Yvo_home,14:ae:db:37:05:65,2.4 GHZ,-90,Tastas Home,a0:4f:d4:3c:27:c1,2.4 GHZ,-92,
2017-10-27 16:26:42,model=ONEPLUS A3003,32.17313704,34.81000383,39.0,1,Partner,42501_13111_7943940,gsm,-113,
2017-10-27 16:26:43,model=ONEPLUS A3003,32.17311303,34.81013922,38.0,1,@Cafe,5a:2b:8c:9d:20:f4,2.4 GHZ,-93,
2017-10-27 16:26:45,model=ONEPLUS A3003,32.17306608,34.81038244,37.0,8,HOTFiber,7c:b7:33:a1:a5:6d,2.4 GHZ,-82,Cellcom-WiFi_2078,8c:59:c3:a3:61:e9,2.4 GHZ,-89,papir,80:1f:02:66:4d:28,2.4 GHZ,-89,gina-AP,c4:6e:1f:4c:f7:72,2.4 GHZ,-94,Benedicte,c0:ff:d4:7b:ee:4e,2.4 GHZ,-91,DIRECT-EE-HP DeskJet 4670 series,b0:5a:da:f7:1a:f2,2.4 GHZ,-92,AHRONEE,00:78:9e:fa:c7:d5,2.4 GHZ,-94,Bezeq Free RA583B,62:ff:d4:7b:ee:4f,2.4 GHZ,-95,
2017-10-27 16:26:48,model=ONEPLUS A3003,32.17300461,34.81071288,35.0,8,HomeWi-Fi,64:70:02:c5:70:b8,2.4 GHZ,-79,HomeWi-Fi,64:70:02:c5:73:b0,2.4 GHZ,-82,oren1,00:78:9e:fb:bc:7c,2.4 GHZ,-79,sw,c8:be:19:0c:af:01,2.4 GHZ,-79,ZNetwork,80:1f:02:93:bc:b6,2.4 GHZ,-84,reuven,6c:19:8f:49:e9:8c,2.4 GHZ,-87,peles,5c:d9:98:c6:50:2f,2.4 GHZ,-90,EF-A,d8:fe:e3:02:93:49,2.4 GHZ,-87,
2017-10-27 16:26:50,model=ONEPLUS A3003,32.17295957,34.81092485,35.0,10,Yvo_home,74:da:3a:be:d7:a2,2.4 GHZ,-73,HOTBOX-8A9C,6c:2e:85:fe:a1:37,2.4 GHZ,-83,uzi,00:12:2a:f2:17:18,2.4 GHZ,-79,uzi 5Gh,00:12:2a:f2:17:1c,5 GHZ,-87,Yvo_home_2EX,74:da:38:be:d7:a1,2.4 GHZ,-86,Yvo_home,14:ae:db:37:05:65,2.4 GHZ,-90,Tastas Home,a0:4f:d4:3c:27:c1,2.4 GHZ,-92,Angel,14:cc:20:76:cc:fe,2.4 GHZ,-88,Angel,14:cc:20:76:cd:12,2.4 GHZ,-91,HOT,b4:ee:b4:a7:37:d5,2.4 GHZ,-90,
2017-10-27 16:26:52,model=ONEPLUS A3003,32.17288318,34.81114364,35.0,4,@Cafe,5a:2b:8c:9d:20:f4,2.4 GHZ,-93,Partner,42501_13111_7943940,gsm,-113,,fa:8f:ca:96:85:cf,2.4 GHZ,-78,TP-LINK_Extender_9500D3,c0:4a:00:95:00:d3,2.4 GHZ,-92,
2017-10-27 16:26:59,model=ONEPLUS A3003,32.17263188,34.81175187,36.0,4,EF-A,d8:fe:e3:02:93:49,2.4 GHZ,-87,urigil1,a0:ab:1b:5d:c2:60,2.4 GHZ,-83,kenley,9c:3d:cf:1a:ad:f5,2.4 GHZ,-83,Azoulay,b4:ee:b4:a9:15:f7,2.4 GHZ,-88,
2017-10-27 16:27:03,model=ONEPLUS A3003,32.17258548,34.81196356,35.0,3,Angel,14:cc:20:76:cc:fe,2.4 GHZ,-88,Angel,14:cc:20:76:cd:12,2.4 GHZ,-91,HOT,b4:ee:b4:a7:37:d5,2.4 GHZ,-89,
2017-10-27 16:27:07,model=ONEPLUS A3003,32.17255705,34.81208015,35.0,2,varda,c4:12:f5:85:27:c2,2.4 GHZ,-87,HP-Print-57-Officejet Pro 8610,fc:15:b4:aa:9e:57,2.4 GHZ,-91,
2017-10-27 16:27:10,model=ONEPLUS A3003,32.17254452,34.81210289,35.0,2,kenley-up,88:dc:96:3b:f5:e0,2.4 GHZ,-90,Gil Kitchen,80:1f:02:a3:7d:62,2.4 GHZ,-87,
2017-10-27 16:27:20,model=ONEPLUS A3003,32.17215106,34.81203672,35.0,8,MB WLAN 37206,a0:56:b2:99:bb:b7,2.4 GHZ,-78,U2I8L1M0X42,7c:b7:33:97:35:f1,2.4 GHZ,-82,Helen.,a0:ab:1b:57:cd:42,2.4 GHZ,-86,Shani - Green,54:b8:0a:34:78:90,2.4 GHZ,-87,joelle,7c:03:4c:bb:22:40,2.4 GHZ,-88,Liza,d0:d4:12:67:67:aa,2.4 GHZ,-91,TP-LINK-BET,f8:d1:11:ce:e5:e6,2.4 GHZ,-83,Bezeq Free,62:04:15:60:6a:b6,2.4 GHZ,-89,
2017-10-27 16:27:22,model=ONEPLUS A3003,32.17193874,34.81195728,35.0,5,Bezeq Free,62:04:15:60:6a:b6,2.4 GHZ,-77,ben_ami_2.4,c4:04:15:60:6a:b5,2.4 GHZ,-72,ben_ami_5,c4:04:15:60:6a:b6,5 GHZ,-83,DIRECT-AC-HP OfficeJet Pro 8720,70:5a:0f:f6:54:ad,2.4 GHZ,-89,Shani - Green,54:b8:0a:34:68:90,2.4 GHZ,-92,
2017-10-27 16:27:23,model=ONEPLUS A3003,32.17182873,34.81191254,35.0,1,Partner,42501_13111_7943940,gsm,-113,
2017-10-27 16:27:25,model=ONEPLUS A3003,32.17158387,34.81180795,35.0,1,urigil1,a0:ab:1b:5d:c2:60,2.4 GHZ,-92,
2017-10-27 16:27:26,model=ONEPLUS A3003,32.1714656,34.81175562,35.0,3,varda,c4:12:f5:85:27:c2,2.4 GHZ,-91,kenley-up,88:dc:96:3b:f5:e0,2.4 GHZ,-90,Gil Kitchen,80:1f:02:a3:7d:62,2.4 GHZ,-87,
2017-10-27 16:27:31,model=ONEPLUS A3003,32.17093107,34.81150762,34.0,10,MB WLAN 37206,a0:56:b2:99:bb:b7,2.4 GHZ,-78,U2I8L1M0X42,7c:b7:33:97:35:f1,2.4 GHZ,-82,Helen.,a0:ab:1b:57:cd:42,2.4 GHZ,-86,Shani - Green,54:b8:0a:34:78:90,2.4 GHZ,-85,joelle,7c:03:4c:bb:22:40,2.4 GHZ,-88,home,00:13:d4:0f:f3:ba,2.4 GHZ,-86,TP-LINK-BET,f8:d1:11:ce:e5:e6,2.4 GHZ,-83,Bezeq Free,62:04:15:60:6a:b6,2.4 GHZ,-77,ben_ami_2.4,c4:04:15:60:6a:b5,2.4 GHZ,-72,ben_ami_5,c4:04:15:60:6a:b6,5 GHZ,-83,
2017-10-27 16:27:33,model=ONEPLUS A3003,32.1707317,34.81141151,33.0,1,Partner,42501_13111_7943940,gsm,-113,
2017-10-27 16:27:35,model=ONEPLUS A3003,32.17054823,34.81130618,33.0,1,urigil1,a0:ab:1b:5d:c2:60,2.4 GHZ,-92,
2017-10-27 16:27:36,model=ONEPLUS A3003,32.17045361,34.81125689,33.0,3,varda,c4:12:f5:85:27:c2,2.4 GHZ,-91,kenley-up,88:dc:96:3b:f5:e0,2.4 GHZ,-90,Gil Kitchen,80:1f:02:a3:7d:62,2.4 GHZ,-87,
2017-10-27 16:27:37,model=ONEPLUS A3003,32.17035569,34.81120586,32.0,3,devolo-0f4,30:d3:2d:37:20:f4,2.4 GHZ,-87,stephane,14:cc:20:eb:e7:53,2.4 GHZ,-76,stephane,00:24:2b:cf:13:21,2.4 GHZ,-90,
2017-10-27 16:27:41,model=ONEPLUS A3003,32.16997562,34.81102347,32.0,5,Neeman2.4,20:0c:c8:1d:c8:2b,2.4 GHZ,-75,DIRECT-A4-HP OfficeJet 6950,c8:d3:ff:f9:48:a5,2.4 GHZ,-77,oved-main_2EX,74:da:38:97:66:9d,2.4 GHZ,-79,oved-main,74:da:3a:97:66:9e,2.4 GHZ,-84,Bezeq Free F026CC,6a:0c:c8:1d:c8:28,2.4 GHZ,-70,
2017-10-27 16:27:42,model=ONEPLUS A3003,32.16988349,34.81098312,31.0,8,Shani - Green,54:b8:0a:34:78:90,2.4 GHZ,-85,Bezeq Free,62:04:15:60:6a:b6,2.4 GHZ,-77,ben_ami_2.4,c4:04:15:60:6a:b5,2.4 GHZ,-72,ben_ami_5,c4:04:15:60:6a:b6,5 GHZ,-83,Shani - Green,54:b8:0a:34:68:90,2.4 GHZ,-92,ZEISS_YEHUDA,00:1d:aa:fb:1f:b0,2.4 GHZ,-93,HP-Setup>75-M277 LaserJet,92:cd:b6:2b:e9:75,2.4 GHZ,-90,home,00:13:d4:0f:f3:ba,2.4 GHZ,-86,
2017-10-27 16:27:44,model=ONEPLUS A3003,32.16968242,34.81090319,31.0,1,Partner,42501_13111_7943940,gsm,-113,
2017-10-27 16:27:47,model=ONEPLUS A3003,32.1693635,34.81077836,30.0,1,varda,c4:12:f5:85:27:c2,2.4 GHZ,-91,
2017-10-27 16:27:48,model=ONEPLUS A3003,32.1692516,34.81073625,30.0,3,devolo-0f4,30:d3:2d:37:20:f4,2.4 GHZ,-86,stephane,14:cc:20:eb:e7:53,2.4 GHZ,-76,stephane,00:24:2b:cf:13:21,2.4 GHZ,-90,
2017-10-27 16:27:51,model=ONEPLUS A3003,32.16893698,34.81061436,29.0,10,ZEISS_YEHUDA,00:1d:aa:fb:1f:b0,2.4 GHZ,-88,Neeman2.4,20:0c:c8:1d:c8:2b,2.4 GHZ,-75,DIRECT-A4-HP OfficeJet 6950,c8:d3:ff:f9:48:a5,2.4 GHZ,-77,oved-main_2EX,74:da:38:97:66:9d,2.4 GHZ,-79,oved-main,74:da:3a:97:66:9e,2.4 GHZ,-84,Bezeq Free F026CC,6a:0c:c8:1d:c8:28,2.4 GHZ,-70,Oberyn Martell,18:d6:c7:fb:1c:0e,2.4 GHZ,-77,RS_GUEST,ec:08:6b:38:0d:dd,2.4 GHZ,-81,HP-Print-C1-Deskjet 4640 series,28:80:23:f6:e0:c1,2.4 GHZ,-81,3Com,00:0f:cb:b5:2e:78,2.4 GHZ,-83,
2017-10-27 16:27:52,model=ONEPLUS A3003,32.16883694,34.81057229,29.0,2,HP-Setup>75-M277 LaserJet,92:cd:b6:2b:e9:75,2.4 GHZ,-90,home,00:13:d4:0f:f3:ba,2.4 GHZ,-86,
2017-10-27 16:27:54,model=ONEPLUS A3003,32.16863027,34.81048708,29.0,1,Partner,42501_13111_7943940,gsm,-113,
2017-10-27 16:27:58,model=ONEPLUS A3003,32.16822321,34.81032406,28.0,1,devolo-0f4,30:d3:2d:37:20:f4,2.4 GHZ,-86,
2017-10-27 16:28:01,model=ONEPLUS A3003,32.16795035,34.81018513,28.0,6,happy,00:78:9e:fa:81:bc,2.4 GHZ,-78,888Corp,8e:15:54:a9:32:e6,5 GHZ,-91,888Corp,0a:8d:db:6e:71:bf,2.4 GHZ,-87,Shaked-Guest WiFi,b0:aa:77:f1:3a:68,2.4 GHZ,-85,island-074FA0,50:a7:33:47:4f:a3,2.4 GHZ,-87,terry_ap,5c:83:8f:33:bd:68,2.4 GHZ,-89,
2017-10-27 16:28:02,model=ONEPLUS A3003,32.16787145,34.81013471,28.0,10,ZEISS_YEHUDA,00:1d:aa:fb:1f:b0,2.4 GHZ,-88,Neeman2.4,20:0c:c8:1d:c8:2b,2.4 GHZ,-75,oved-main_2EX,74:da:38:97:66:9d,2.4 GHZ,-79,oved-main,74:da:3a:97:66:9e,2.4 GHZ,-84,Bezeq Free F026CC,6a:0c:c8:1d:c8:28,2.4 GHZ,-70,Oberyn Martell,18:d6:c7:fb:1c:0e,2.4 GHZ,-81,RS_GUEST,ec:08:6b:38:0d:dd,2.4 GHZ,-88,HP-Print-C1-Deskjet 4640 series,28:80:23:f6:e0:c1,2.4 GHZ,-81,3Com,00:0f:cb:b5:2e:78,2.4 GHZ,-83,iFOREX,f8:d1:11:b1:92:93,2.4 GHZ,-88,
2017-10-27 16:28:05,model=ONEPLUS A3003,32.16770216,34.80997915,28.0,2,Nomi Fix WIFI,c4:6e:1f:30:2b:7c,2.4 GHZ,-83,Partner,42501_13111_496642,gsm,-113,
2017-10-27 16:28:07,model=ONEPLUS A3003,32.1676567,34.80992879,27.0,8,888Corp,0a:8d:cb:6e:71:6d,5 GHZ,-85,888Corp,0a:8d:db:6e:71:6d,2.4 GHZ,-78,Mouly,7c:b7:33:2e:76:73,2.4 GHZ,-82,CEO-WiFi_2.4,c4:12:f5:80:24:0b,2.4 GHZ,-82,Efrat Networks MM,94:f6:65:5b:b2:28,2.4 GHZ,-84,888Corp,0a:8d:cb:6e:71:be,5 GHZ,-94,Guest Neetwork MM,94:f6:65:1b:b2:28,2.4 GHZ,-87,888Guest,02:8d:cb:6e:71:6d,5 GHZ,-85,
2017-10-27 16:28:13,model=ONEPLUS A3003,32.16758705,34.80992391,23.0,3,888Corp,0a:8d:cb:6e:71:be,5 GHZ,-86,888Guest,02:8d:cb:6e:71:be,5 GHZ,-86,888Free,06:8d:db:6e:71:6d,2.4 GHZ,-86,
